station,roi_size,regional_L_CV,regional_L_skew,regional_L_kurt,chosen_distribution,chosen_accepted,Z_GLO,Z_GEV,Z_GPA,Z_GNO,Z_PE3
sandia,5,0.46601569984874475,0.31965039798659045,0.221992567021864,GEV,True,0.4870669316639211,-0.1620539379658198,-2.0189772770004684,-0.7767732578533006,-1.8558481013309343
Adityapur,5,0.4306917909707326,0.30718425536694555,0.18505004855458695,GNO,True,1.7504665558801364,0.9068549859922849,-1.4459699549479426,0.19389300191449,-1.060923517000495
Akkihebbal,5,0.6284502583037958,0.6121344459912427,0.48288537342131505,GLO,True,-1.481899959396096,-1.5150247358382545,-1.9474293694623512,-2.16726130583838,-3.231068836903438
Alladupalli,5,0.5774437122757802,0.4686543630105822,0.27684538544856163,GNO,True,1.16996644333358,0.9112233120517537,-0.21839517781687273,0.036866438896675666,-1.4754221227592856
Altuma,7,0.4119204448064453,0.3413948472348198,0.2356124654012397,GEV,True,0.39082008624089976,-0.2623737523469413,-2.2205973795329186,-1.0117307875919763,-2.3235840952811864
Ambarampalayam,5,0.4182002082587642,0.37680173243093107,0.3125998532428715,GLO,False,-1.6433478885211246,-2.026823002001556,-3.277954148104854,-2.6211216958780166,-3.659267062665647
Ambasamudram,5,0.42896513485316007,0.4047184189596377,0.3082844755086984,GLO,True,-0.7895235894300254,-1.0885421837821079,-2.1407869201096497,-1.6735467586648392,-2.6937906116893364
Arangali,5,0.4182002082587642,0.37680173243093107,0.3125998532428715,GLO,False,-1.6433478885211246,-2.026823002001556,-3.277954148104854,-2.6211216958780166,-3.659267062665647
Bamnia,9,0.531071655921849,0.39379275236211897,0.2062111847893607,GPA,True,2.2628061943652695,1.7488055932087614,-0.005318672394574501,0.8307731727242863,-0.7714130809911753
Bamnidhi,5,0.4582427391237133,0.34932113499903894,0.20419808674255563,GNO,True,1.5980755758772465,0.9755893959873504,-0.9244406856960192,0.2109870026257232,-1.126719757555054
Baronda,5,0.4582427391237133,0.34932113499903894,0.2041980867425556,GNO,True,1.7188697424973085,1.045456405655827,-1.0100199064960447,0.21829997117609387,-1.2288479369880378
Belkhedi,9,0.531071655921849,0.39379275236211897,0.2062111847893607,GPA,True,2.2484727433294456,1.7315931983447699,-0.03235600757368354,0.8084188310122472,-0.802741350391879
Betmogra,5,0.6227051951763993,0.4537929583843922,0.2500863203740602,GPA,True,1.3783031230077096,1.130143754219339,0.10645144068137874,0.3943230073762346,-0.8818008769651159
Chanwada,5,0.47220845677336976,0.32784055971239107,0.16344011486736978,PE3,True,2.4792310129882718,1.7991568111469303,-0.18015513531686347,1.1062685644162664,-0.10851379398830895
Chhidgaon,9,0.531071655921849,0.39379275236211897,0.2062111847893607,GPA,True,2.212395684869575,1.7030870254292536,-0.03502510166949361,0.7934346624793251,-0.7941263855379439
Chinamusi  tumadu,5,0.5236410433230011,0.3718116889866819,0.16637904600337014,PE3,True,3.1641799907625003,2.597897495741481,0.7735213723762151,1.7562598856901563,0.2856828372817423
Dabri,9,0.531071655921849,0.39379275236211897,0.2062111847893607,GPA,True,2.2187304068705256,1.7154598071854958,-0.0020462990057097167,0.8165917402066384,-0.7521481307200318
Dameracherla,5,0.5502550139516963,0.41460339588120515,0.2087246353268428,PE3,True,2.7309998422812947,2.2653511682792864,0.5784119451185772,1.2759039804788757,-0.4483448208631803
Dhariawad,9,0.531071655921849,0.39379275236211897,0.2062111847893607,GPA,True,2.2071566625844694,1.7061144807196709,-0.0037867281940310135,0.8112264865281887,-0.7505672049755866
Dindori,11,0.4344694725368952,0.3327052750795677,0.19468426547716167,GNO,True,2.2601049445346697,1.3349723487340952,-1.38590670675418,0.35109208499399264,-1.3728278869215023
Elunuthimangalam,5,0.6213507223770833,0.552522476017534,0.42387125375622337,GLO,True,-1.230087689165451,-1.3140316524993445,-1.8894395106758681,-1.9764860441246435,-3.0922589996921466
Errakalva    ananthapalli,5,0.5482921689898596,0.41007257470075104,0.21598932640974922,GPA,True,2.1082066482645976,1.6830351485932975,0.1633647785893358,0.8131919586292439,-0.7031966893610858
Fekoghat,8,0.43099010884590583,0.31329171089471763,0.19852718436721822,GNO,True,1.5578178315925595,0.6255998800206136,-2.0065395141834914,-0.20776685884491836,-1.672426854379523
Degloor,5,0.6227051951763993,0.4537929583843922,0.2500863203740602,GPA,True,1.3909135299707562,1.1421599769066266,0.11601656962640944,0.40457740612076276,-0.8746019854524857
Gandlapet,5,0.5576187544987994,0.39639425652707216,0.17795734672103128,PE3,True,3.1892614652601643,2.699496620908697,1.0160498915778027,1.8055714516578016,0.24570541039074076
Halia,5,0.5482921689898596,0.410072574700751,0.21598932640974922,GPA,True,2.0697167348700423,1.6533380233169743,0.16509529976449944,0.801483684607454,-0.6835451848071191
Hogenakkal,5,0.40895282650064596,0.4357661116412011,0.3292752122010144,GLO,True,-0.8233530847974732,-1.0515208968238514,-1.9353536602527448,-1.6310148854218212,-2.638634512693128
Jaraikela,5,0.3771924458561283,0.24562588199249785,0.14690945765161212,PE3,True,2.6866417281160375,1.392534459692862,-1.8333091494016533,0.8133138010957841,-0.2506675028640722
Jotasan,5,0.531151648298794,0.4033381502005945,0.21426945793880256,GPA,True,1.7484393101692661,1.364478865256796,0.018659664835231588,0.6218934984354805,-0.6732968115116588
K.m. vadi,5,0.5332158150729979,0.5372853142010647,0.38653026794548434,GLO,True,-0.561487173555103,-0.66350302912076,-1.2928373710263366,-1.3389416449627949,-2.483842269367186
Kalampur,5,0.3232725995038394,0.34445282670155314,0.28919845982697534,GLO,True,-1.4956239295106462,-1.959527210255154,-3.359871214081026,-2.505981560149858,-3.4623796449412594
Kallooppara,5,0.3232725995038394,0.34445282670155314,0.2891984598269754,GLO,True,-1.4956239295106486,-1.9595272102551562,-3.359871214081028,-2.50598156014986,-3.4623796449412616
Kamalapuram,5,0.5774437122757802,0.4686543630105822,0.27684538544856163,GNO,True,1.1243730981683002,0.8793291930055696,-0.19048133580005855,0.05126538453900024,-1.3809546440478393
Kattaleru   tiruvuru,5,0.46663639824195047,0.2780289755240124,0.08567647083956251,GPA,True,4.906988436985138,3.950555590597214,1.427487450071734,3.3409102989688755,2.2552511628136207
Keesara,5,0.5482921689898596,0.41007257470075104,0.21598932640974922,GPA,True,1.9338409540584227,1.5450794821424916,0.1555477512374185,0.7497262679032808,-0.6368047748525988
Kelo at raigarh,7,0.4383728958559478,0.36107295956566704,0.2333133905242279,GEV,True,0.8427307089759017,0.2225695022504976,-1.723416581781644,-0.6193640872837586,-2.091287443358234
Khanditar,5,0.4221898180062909,0.2985375105949896,0.20687505636901593,GEV,True,0.7125919709290842,-0.03308225753806892,-2.0776586294737065,-0.6142093923368908,-1.639563726160516
Kheda,7,0.6442833512579076,0.5124988183963999,0.3188682595079754,GEV,True,0.48126230712519974,0.33081184667905517,-0.4721767953957489,-0.43683994378049357,-1.7495952742502328
Kogaon,5,0.47220845677336976,0.32784055971239107,0.16344011486736978,PE3,True,2.6198765784516103,1.9035147859899113,-0.18140984424984785,1.1736552132260838,-0.10594584407232495
Kovvada kalva near dommeru,5,0.4666363982419505,0.2780289755240124,0.08567647083956251,GPA,True,5.119916874656392,4.120444851975735,1.4838394412605527,3.483365714592811,2.348852259881615
Koyna,5,0.3453772148436463,0.19821667022839012,0.18334973375718183,GLO,True,0.3231540928978567,-0.8139348375744407,-3.443843125492741,-1.0740323224576467,-1.6228475884459423
Kudlur,5,0.40895282650064596,0.4357661116412011,0.3292752122010144,GLO,True,-0.8233530847974732,-1.0515208968238514,-1.9353536602527448,-1.6310148854218212,-2.638634512693128
Kundanpur,9,0.531071655921849,0.39379275236211897,0.2062111847893607,GPA,True,2.1968877517437995,1.6901055850347935,-0.03938440777675698,0.7849656725221748,-0.7947200696781007
Kurubhata,5,0.39326204799961684,0.26718303993007236,0.16937597873637536,GNO,True,1.734785855219284,0.7368337332117214,-1.844864358127826,0.16842919769665943,-0.851440577288609
M.h. halli,5,0.5332158150729979,0.5372853142010647,0.38653026794548434,GLO,True,-0.5601278681535165,-0.6624423022750353,-1.2936185709861903,-1.33985778225621,-2.4881092855327585
Pachegaon,5,0.46601569984874475,0.31965039798659045,0.22199256702186398,GEV,True,0.5065557003139652,-0.15859236902979282,-2.061364305145142,-0.7884894928808425,-1.8942073682373504
Paleru bridge,5,0.5236410433230011,0.3718116889866818,0.16637904600337014,PE3,True,3.2591390194676615,2.6721034890828816,0.7808679050453369,1.7996216709937702,0.2751511369862186
Parmanpur,5,0.4582427391237133,0.34932113499903894,0.20419808674255563,GNO,True,1.603493640398696,0.9708419067600734,-0.9602167479961401,0.1937531209656099,-1.1657991522722726
Patan,5,0.43223068923785274,0.28898136176245287,0.1628093445696806,PE3,True,2.343224015233827,1.3971440100511565,-1.149898868429322,0.7246210759965201,-0.4663155270028453
Pati,5,0.47220845677336976,0.32784055971239107,0.16344011486736978,PE3,True,2.4185763816436143,1.7532087852647265,-0.18330053788980208,1.075304247733219,-0.11320844065677026
Pedageddada,5,0.6128364075795,0.4781213128689751,0.30196635661575355,GEV,True,0.24846143647759134,0.09323439764526313,-0.6112268603529145,-0.47795868942568304,-1.4639100686618172
Potteru (potteruvagu),5,0.4086132693377606,0.32245939561052345,0.17185376422197396,PE3,True,2.1788650907947287,1.4840756651277052,-0.5151754201595722,0.80930810085427,-0.37462727526204365
Pudur,5,0.42667978596099143,0.4047180736740337,0.33159461382321515,GLO,False,-1.6667622156882589,-1.9839529259054232,-3.1001441266546688,-2.604507919736347,-3.6867514795041783
Pulamanthole,5,0.3232725995038394,0.34445282670155314,0.28919845982697534,GLO,True,-1.4433087037608163,-1.8936822176104458,-3.253185104913067,-2.4241991937471927,-3.3527038712637656
Rambhapur,9,0.531071655921849,0.39379275236211897,0.2062111847893607,GPA,True,2.2731685620695723,1.7536586383602344,-0.019267232445915265,0.825786274679149,-0.7935730345571952
Rampur,5,0.4582427391237133,0.34932113499903894,0.2041980867425556,GNO,True,1.5980755768376935,0.9755893970659202,-0.9244406842569,0.21098700384938388,-1.1267197560775504
Rangeli,5,0.46601569984874475,0.31965039798659045,0.22199256702186398,GEV,True,0.45527497470426886,-0.1638929575617955,-1.9351307007921066,-0.7502467601068219,-1.7795289336679256
Ratanpur,7,0.6442833512579076,0.5124988183963999,0.3188682595079755,GEV,True,0.4799070896114064,0.3281034324568374,-0.4821075310660738,-0.44645284917532413,-1.7710154960659663
Sakleshpur,5,0.5546606972106648,0.5885981460695779,0.4634684268209984,GLO,True,-1.4803612961619181,-1.528377960550033,-1.9849816099875022,-2.147796798713445,-3.1724500296792915
Salebhata,5,0.4582427391237133,0.34932113499903894,0.20419808674255563,GNO,True,1.5145081856392344,0.9162214531525891,-0.9099440520763705,0.18134334283581127,-1.104359428453689
Samdoli (seasonal),5,0.40939547783566416,0.23666999868845043,0.24532893616095527,GLO,False,-2.02702672559411,-2.9051516288949837,-5.061873676130744,-3.2576539138767053,-3.9146366134407455
Sevanur,5,0.6407582868978055,0.615595919036102,0.4735277002569466,GLO,True,-1.2365063175149635,-1.2693910658601686,-1.7244751421356888,-1.966606348621828,-3.101227519444588
Madhira,5,0.5482921689898596,0.41007257470075104,0.21598932640974922,GPA,True,2.069716734705064,1.653338023128085,0.16509529949034,0.8014836843700865,-0.6835451851291606
Magaral,5,0.5975941975180796,0.43713857654584726,0.20715742411705304,PE3,True,2.932561519635592,2.559829119707294,1.1093729746017307,1.6020573973650845,-0.06302071521059162
Manendragarh,11,0.4344694725368952,0.3327052750795677,0.19468426547716167,GNO,True,2.289798665975331,1.351498493020395,-1.4081073191008846,0.35361448609552176,-1.3948423460940387
Manot,11,0.4344694725368953,0.3327052750795677,0.19468426547716167,GNO,True,2.222704303767922,1.3099059719501525,-1.3746971586728487,0.33914322126226343,-1.3617927112675743
Morane,5,0.5161176691057111,0.4002933664768746,0.24044139229831557,GNO,True,1.032443126883642,0.6279146927257104,-0.7777946971264053,-0.13483259639745013,-1.465464752308132
Muthankera,5,0.40895282650064596,0.4357661116412011,0.3292752122010144,GLO,True,-0.8507187940018665,-1.0879995683788233,-2.0071323797233442,-1.6906383943382925,-2.7385020842820573
Nandipalli,5,0.5975941975180796,0.43713857654584726,0.20715742411705304,PE3,True,2.8528419932878384,2.4896246452125648,1.0761955077775789,1.5563027630323591,-0.06626950732637583
Narmadapuram,5,0.46601569984874475,0.31965039798659045,0.22199256702186398,GEV,True,0.48984439614726194,-0.17016920917578654,-2.058253116420753,-0.7952039809157453,-1.892386510670672
Navalgund,5,0.3764649108651946,0.2493916655183233,0.27705481777988233,GLO,False,-3.1453225492291526,-3.916978848307088,-5.852720106897672,-4.277919982132919,-4.937540576077882
Ozerkheda,5,0.29512316027564867,0.1883105896574767,0.2201656403867526,GLO,False,-1.7075153078313767,-2.9021638118329083,-5.62503952822739,-3.1292704268728975,-3.6388349818092087
Singavaram,5,0.5774437122757802,0.4686543630105822,0.27684538544856163,GNO,True,1.0875929415708663,0.8484244444483883,-0.19573527954200814,0.04021508922714922,-1.3576646562753933
Somanpally(seasonal),5,0.5502550139516963,0.41460339588120515,0.2087246353268428,PE3,True,2.7309998422812947,2.2653511682792864,0.5784119451185772,1.2759039804788757,-0.4483448208631803
Sundergarh,7,0.43837289585594785,0.36107295956566704,0.2333133905242279,GEV,True,0.8561956053511048,0.23410380267206876,-1.7179402430947222,-0.6104507724439271,-2.086956306901179
T. bekkupe,5,0.5332158150729979,0.5372853142010647,0.38653026794548434,GLO,True,-0.5585624860055055,-0.6593610756009658,-1.2811861212894968,-1.3267402732529314,-2.4579797999620965
T. narasipur,5,0.6284502583037958,0.6121344459912427,0.48288537342131505,GLO,True,-1.4428848097602238,-1.4751936569552802,-1.8969473028580743,-2.111364340611331,-3.1489681724786305
T.k.halli,5,0.6284502583037958,0.6121344459912427,0.48288537342131505,GLO,True,-1.5833875466020244,-1.6180188039336456,-2.0700887572077424,-2.299918424787251,-3.4121068322761694
Talikot,5,0.6227051951763993,0.4537929583843922,0.2500863203740602,GPA,True,1.3532619683902287,1.1082595479707906,0.09759009065337691,0.3817995120205082,-0.8780902191035079
Tapi at burhanpur,5,0.46601569984874475,0.31965039798659045,0.22199256702186398,GEV,True,0.477913593308439,-0.16789857280045908,-2.0153567889631474,-0.779484540991511,-1.8530591164899255
Terwad (seasonal),5,0.40939547783566416,0.23666999868845043,0.2453289361609553,GLO,False,-2.0482135986215493,-2.9365870421425417,-5.118480056015994,-3.293203359002575,-3.9578536621103644
Teska,9,0.531071655921849,0.39379275236211897,0.2062111847893607,GPA,True,2.177501900502641,1.6751535187261226,-0.039205344431019744,0.7779325819974245,-0.7879326524937571
Theni,5,0.41599190615333415,0.4261829935412626,0.3098458312980391,GLO,True,-0.4233024904148164,-0.7051749826001524,-1.763536573480661,-1.3652944418931978,-2.51437112611835
Thevur,5,0.5963102573574565,0.4510797096247495,0.22915197474647517,PE3,True,2.28321088036045,1.978808883674884,0.7354237342997032,1.097217690618683,-0.4323820693217495
Thoppur,5,0.46013961696737726,0.4027609293944632,0.26237742567624184,GEV,True,0.27701869545567825,-0.038113514393366875,-1.1408647106354899,-0.6446565351310678,-1.7026092690577312
Thumpamon,5,0.3232725995038394,0.34445282670155314,0.28919845982697534,GLO,True,-1.4783132523817326,-1.94104114050935,-3.3378370900930485,-2.486110937987647,-3.440085795148781
Tuichang,5,0.49188366406603484,0.3463666380936385,0.227853715283721,GEV,True,0.41482709023141756,-0.00976723451134031,-1.2970310986998752,-0.5182319969006035,-1.4080075650606259
Tulaghat,5,0.4086132693377606,0.32245939561052345,0.17185376422197396,PE3,True,2.142501746285791,1.4522175493159177,-0.5340697759751599,0.7818253858217219,-0.39443298855132297
Warunji,5,0.34537721484364636,0.19821667022839012,0.18334973375718183,GLO,True,0.33857010041291524,-0.8532867605124843,-3.6098646785281603,-1.1259118503889016,-1.701160823991221
Zari,5,0.5115528996890604,0.3551143155908372,0.15695240560388057,PE3,True,3.1464585267442646,2.5492224797105005,0.7015326868070056,1.7784135364889473,0.4303645746875723
