station,lat,lon,status,area_km2,mean_elev_m,min_elev_m,max_elev_m,relief_m,mean_slope_deg,drain_density,stream_len_km,centroid_lon,centroid_lat,snap_lon,snap_lat,snap_dist_km,final_buffer,error,file,n_years,rainfall_max_mm,temp_max_C,temp_min_C
bhamgarh,21.8436,76.5039,SUCCESS,2280.56,390.94,266.0,926.0,660.0,3.36,0.6559,1495.86,76.32618,21.66727,76.50389,21.84389,0.032,0.75,,River Water Discharge_ bhamgarh.xlsx,7,95.6,45.54,4.47
sandia,22.9161,78.3475,SUCCESS,20361.72,462.75,287.0,1212.0,925.0,4.77,0.6743,13730.1,79.4656,22.99638,78.34694,22.91806,0.226,2.25,,River Water Discharge_ sandia.xlsx,48,86.59,45.33,2.55
A.p.puram,8.9014,77.6486,SUCCESS,1302.28,228.22,65.0,1808.0,1743.0,6.03,0.7218,940.02,77.39192,9.00409,77.64833,8.9025,0.126,0.5,,River Water Discharge_A.p.puram.xlsx,14,98.99,46.62,1.52
Abna at khandwa,21.8133,76.3253,SUCCESS,270.56,351.95,302.0,417.0,115.0,2.87,0.6251,169.14,76.23661,21.83322,76.32528,21.81333,0.004,0.5,,River Water Discharge_Abna at khandwa.xlsx,7,98.0,45.55,4.44
Adityapur,22.7914,86.1736,SUCCESS,6736.17,310.7,105.0,961.0,856.0,6.0,0.6639,4471.83,85.89757,22.48776,86.17361,22.79167,0.03,1.0,,River Water Discharge_Adityapur.xlsx,55,92.47,45.65,3.73
Adkasthala,12.675,75.115,SUCCESS,242.73,115.02,44.0,371.0,327.0,8.54,0.5761,139.83,75.20679,12.68113,75.115,12.67528,0.031,0.5,,River Water Discharge_Adkasthala.xlsx,7,98.92,36.33,11.31
Akkalpada,20.9347,74.4661,SUCCESS,1451.45,555.26,354.0,1237.0,883.0,6.03,0.7357,1067.88,74.18811,20.9551,74.46611,20.93583,0.126,0.75,,River Water Discharge_Akkalpada.xlsx,6,94.31,43.6,4.92
Akkihebbal,12.5986,76.4006,SUCCESS,5273.59,943.0,754.0,1867.0,1113.0,4.95,0.6081,3206.94,76.04527,12.95645,76.40111,12.59861,0.057,1.0,,River Water Discharge_Akkihebbal.xlsx,24,68.39,36.28,9.69
Alandurai,10.9519,76.7853,SUCCESS,108.77,707.31,438.0,1972.0,1534.0,14.7,0.7086,77.07,76.72874,10.93991,76.78389,10.955,0.378,0.5,,River Water Discharge_Alandurai.xlsx,9,93.41,35.28,13.03
Alladupalli,14.7172,78.6686,SUCCESS,9004.45,283.93,133.0,914.0,781.0,4.18,0.7253,6531.21,78.4074,15.29401,78.66889,14.71722,0.032,1.25,,River Water Discharge_Alladupalli.xlsx,41,78.3,44.14,11.9
Allam vari ghanapur,18.3861,80.3928,SUCCESS,1651.44,206.02,76.0,489.0,413.0,5.34,0.6765,1117.26,80.15866,18.23074,80.40028,18.39361,1.176,0.5,,River Water Discharge_Allam vari ghanapur (1).xlsx,3,98.6,45.87,9.17
Allam vari ghanapur,18.3378,80.43,SUCCESS,29.47,111.66,74.0,183.0,109.0,4.9,0.6383,18.81,80.38405,18.33917,80.42278,18.34111,0.882,0.5,,River Water Discharge_Allam vari ghanapur.xlsx,9,98.6,45.87,9.17
Altuma,20.9308,85.5192,SUCCESS,971.69,202.39,47.0,1048.0,1001.0,7.97,0.6736,654.51,85.54344,21.12667,85.51889,20.93083,0.035,0.5,,River Water Discharge_Altuma.xlsx,36,91.77,45.4,6.16
Ambaliyara,23.2094,73.0336,SUCCESS,1026.47,172.54,68.0,378.0,310.0,3.83,0.646,663.06,73.31773,23.49098,73.03389,23.20944,0.032,0.75,,River Water Discharge_Ambaliyara.xlsx,1,98.54,44.53,2.89
Ambarampalayam,10.6314,76.9461,SUCCESS,941.97,677.92,221.0,2508.0,2287.0,11.57,0.6464,608.88,77.03395,10.49951,76.94639,10.63139,0.032,0.5,,River Water Discharge_Ambarampalayam.xlsx,48,95.61,36.93,13.51
Ambasamudram,9.9256,77.5117,SUCCESS,707.22,674.05,300.0,1902.0,1602.0,15.2,0.6589,466.02,77.47789,9.73065,77.5125,9.925,0.111,0.5,,River Water Discharge_Ambasamudram.xlsx,27,98.81,36.88,16.84
Anantharam,17.4469,79.4097,SUCCESS,2634.32,386.6,226.0,643.0,417.0,2.64,0.702,1849.38,79.1058,17.65288,79.40972,17.4475,0.067,0.75,,River Water Discharge_Anantharam.xlsx,8,89.16,45.61,9.54
Anantwadi,19.8461,77.8672,SUCCESS,1989.68,415.68,252.0,576.0,324.0,4.67,0.6629,1319.04,77.5314,19.95019,77.86694,19.84639,0.043,1.0,,River Water Discharge_Anantwadi.xlsx,8,91.67,45.93,6.61
Ankushapur,16.3528,79.6381,SUCCESS,21.59,301.46,206.0,587.0,381.0,14.51,0.7434,16.05,79.63679,16.37434,79.64528,16.35361,0.802,0.5,,River Water Discharge_Ankushapur.xlsx,5,97.33,45.87,9.25
Ankushapur,18.3528,79.6381,SUCCESS,2447.02,263.48,176.0,648.0,472.0,2.73,0.6448,1577.82,79.58632,18.10745,79.63972,18.35278,0.18,0.75,,River Water Discharge_Ankushapur_2.xlsx,8,97.33,45.87,9.25
Arangali,10.2861,76.3222,SUCCESS,1333.83,712.08,1.0,2390.0,2389.0,14.95,0.618,824.28,76.72002,10.37606,76.33056,10.29444,1.311,0.75,,River Water Discharge_Arangali.xlsx,48,98.66,35.32,13.05
Arkkannur,8.8725,76.8467,SUCCESS,258.65,108.37,32.0,430.0,398.0,9.12,0.6276,162.33,76.92064,8.89184,76.84639,8.8725,0.035,0.5,,River Water Discharge_Arkkannur.xlsx,7,98.59,36.06,17.48
Arni,20.0619,77.9486,SUCCESS,1321.74,389.37,290.0,556.0,266.0,3.92,0.6969,921.12,77.64042,20.14981,77.94833,20.06167,0.039,0.75,,River Water Discharge_Arni.xlsx,8,97.87,45.93,6.05
Aruvipuram,8.42,77.0925,SUCCESS,347.38,222.27,15.0,1846.0,1831.0,12.53,0.6066,210.72,77.16901,8.50128,77.09278,8.42,0.031,0.5,,River Water Discharge_Aruvipuram.xlsx,7,98.64,37.73,18.4
Asegaon,19.3,76.8417,SUCCESS,86.36,410.8,382.0,446.0,64.0,3.58,0.5993,51.75,76.76919,19.30128,76.83972,19.29833,0.287,0.5,,River Water Discharge_Asegaon.xlsx,1,97.64,44.97,5.59
Ayoor,8.8919,76.8664,SUCCESS,178.28,118.07,40.0,430.0,390.0,9.31,0.6196,110.46,76.94658,8.88724,76.86667,8.89194,0.03,0.5,,River Water Discharge_Ayoor.xlsx,1,98.59,36.11,17.51
Balasamudram,10.4256,77.5339,SUCCESS,87.19,1176.75,323.0,2114.0,1791.0,21.9,0.5295,46.17,77.58936,10.35662,77.53083,10.42056,0.655,0.5,,River Water Discharge_Balasamudram.xlsx,6,98.81,37.77,13.44
Bamnia,23.0997,74.7886,SUCCESS,477.95,428.38,353.0,531.0,178.0,3.9,0.6569,313.95,74.84169,23.00614,74.79333,23.10583,0.86,0.5,,River Water Discharge_Bamnia.xlsx,20,98.4,45.12,2.48
Bamnidhi,21.9,82.7133,SUCCESS,3979.02,401.14,194.0,1049.0,855.0,5.89,0.661,2630.25,82.56715,22.48266,82.71444,21.90056,0.141,2.0,,River Water Discharge_Bamnidhi.xlsx,55,95.55,45.47,4.07
Baronda,20.9106,81.8872,SUCCESS,3406.8,469.95,260.0,963.0,703.0,5.83,0.6856,2335.77,82.11992,20.41289,81.88556,20.90861,0.286,2.0,,River Water Discharge_Baronda.xlsx,49,98.06,46.11,5.5
Bayyaram,17.5681,80.0875,SUCCESS,2024.13,245.32,155.0,579.0,424.0,3.13,0.637,1289.37,79.93178,17.82745,80.08639,17.56833,0.126,2.0,,River Water Discharge_Bayyaram.xlsx,6,97.28,45.71,10.18
Belkhedi,22.9289,79.3403,SUCCESS,1600.3,561.05,339.0,898.0,559.0,5.48,0.6519,1043.28,79.4519,22.67744,79.33972,22.92889,0.064,2.0,,River Water Discharge_Belkhedi.xlsx,49,95.5,45.24,2.7
Belkund at ghughra,23.4864,80.1964,SUCCESS,532.5,453.08,379.0,651.0,272.0,5.86,0.7158,381.18,80.36106,23.53049,80.2025,23.48472,0.702,2.0,,River Water Discharge_Belkund at ghughra.xlsx,7,98.81,46.06,1.91
Betmogra,18.7122,77.525,SUCCESS,2190.24,493.24,352.0,726.0,374.0,3.57,0.6011,1316.58,77.06335,18.73055,77.52778,18.71639,0.558,2.0,,River Water Discharge_Betmogra.xlsx,29,98.94,44.75,7.31
Bettadamane,13.0692,75.68,SUCCESS,273.79,976.82,898.0,1423.0,525.0,9.44,0.6065,166.05,75.59951,13.09381,75.68,13.06944,0.027,2.0,,River Water Discharge_Bettadamane.xlsx,8,98.81,36.53,10.76
Bhadli,21.8289,75.6122,SUCCESS,1380.16,483.88,236.0,986.0,750.0,7.1,0.7256,1001.49,75.61114,21.60722,75.60639,21.82917,0.646,2.0,,River Water Discharge_Bhadli.xlsx,3,96.53,45.31,4.51
Bhakudar (sipu dam),24.4003,72.3094,SUCCESS,1380.94,300.67,167.0,1701.0,1534.0,5.07,0.7032,971.01,72.52571,24.59001,72.30944,24.40111,0.09,2.0,,River Water Discharge_Bhakudar (sipu dam).xlsx,13,98.88,46.55,1.84
Bhamragad,19.4164,80.5861,SUCCESS,6938.19,408.22,187.0,925.0,738.0,6.01,0.6461,4482.63,80.88407,20.07916,80.58167,19.4175,0.507,2.0,,River Water Discharge_Bhamragad.xlsx,8,94.58,46.32,6.98
Bifercation of e&w tammileru,16.7275,81.0928,SUCCESS,1249.73,138.64,11.0,436.0,425.0,3.1,0.6807,850.65,80.92335,17.05373,81.09,16.72722,0.312,2.0,,River Water Discharge_Bifercation of e&w tammileru.xlsx,15,97.67,45.63,11.73
Borad at thikri,22.073,75.404,SUCCESS,719.78,295.27,160.0,838.0,678.0,4.12,0.6826,491.31,75.41223,21.87103,75.40389,22.07306,0.014,2.0,,River Water Discharge_Borad at thikri.xlsx,7,97.92,45.3,4.27
Butaram,18.3533,80.4078,SUCCESS,16.69,118.85,79.0,183.0,104.0,5.42,0.6347,10.59,80.37103,18.34646,80.40306,18.34889,0.719,2.0,,River Water Discharge_Butaram.xlsx,4,98.71,45.87,9.17
Chakkalakuth,11.2642,76.2386,SUCCESS,218.47,347.43,13.0,2451.0,2438.0,15.07,0.6266,136.89,76.33883,11.20053,76.23861,11.26417,0.004,2.0,,River Water Discharge_Chakkalakuth.xlsx,7,97.69,36.2,10.84
Chakrar at gadasarai,22.8264,81.3244,SUCCESS,421.36,867.33,713.0,1042.0,329.0,8.48,0.6583,277.38,81.34821,22.67541,81.32417,22.82667,0.039,2.0,,River Water Discharge_Chakrar at gadasarai.xlsx,7,98.95,45.36,3.63
Chanwada,22.05,73.4653,SUCCESS,4199.25,192.12,12.0,812.0,800.0,4.86,0.6964,2924.31,73.94955,22.27834,73.46611,22.04944,0.109,2.0,,River Water Discharge_Chanwada.xlsx,46,91.42,45.25,3.62
Cherpad,9.7025,76.8167,SUCCESS,61.67,532.94,36.0,1188.0,1152.0,24.84,0.6241,38.49,76.85654,9.70789,76.81667,9.70167,0.093,2.0,,River Water Discharge_Cherpad.xlsx,1,98.95,36.58,16.81
Chhidgaon,22.4061,77.3081,SUCCESS,1878.38,508.16,286.0,829.0,543.0,7.25,0.6675,1253.85,77.51962,22.18616,77.30833,22.40639,0.041,2.0,,River Water Discharge_Chhidgaon.xlsx,50,97.67,45.14,1.89
Chikkamalur,12.5956,77.0567,SUCCESS,6491.39,807.63,612.0,1337.0,725.0,3.25,0.6419,4167.03,76.84855,13.08092,77.05611,12.59528,0.075,2.0,,River Water Discharge_Chikkamalur.xlsx,7,77.3,37.59,9.65
Chimthane,21.1775,74.6956,SUCCESS,1113.06,391.26,192.0,781.0,589.0,3.69,0.7416,825.42,74.44664,21.10931,74.69556,21.18167,0.463,2.0,,River Water Discharge_Chimthane.xlsx,6,91.65,44.59,3.52
Chinamusi  tumadu,15.3664,79.9681,SUCCESS,2030.28,107.92,5.0,652.0,647.0,3.33,0.6113,1241.13,79.607,15.62654,79.96611,15.36611,0.223,2.0,,River Water Discharge_Chinamusi  tumadu.xlsx,18,94.36,45.79,12.24
Chitrasani -duplicate,24.2889,72.4983,SUCCESS,309.47,351.04,183.0,814.0,631.0,8.93,0.6634,205.29,72.65473,24.27558,72.49806,24.28889,0.027,2.0,,River Water Discharge_Chitrasani -duplicate.xlsx,27,97.18,46.55,1.84
Chitrasani,24.2889,72.4983,SUCCESS,309.47,351.04,183.0,814.0,631.0,8.93,0.6634,205.29,72.65473,24.27558,72.49806,24.28889,0.027,2.0,,River Water Discharge_Chitrasani.xlsx,3,97.18,46.55,1.84
Choral at barwah,22.2458,76.0511,SUCCESS,605.96,463.7,172.0,857.0,685.0,7.35,0.6357,385.23,75.89834,22.41638,76.05111,22.24611,0.035,2.0,,River Water Discharge_Choral at barwah.xlsx,7,98.47,45.15,2.72
Collem,15.3386,74.2483,SUCCESS,110.59,475.68,74.0,835.0,761.0,14.36,0.6185,68.4,74.30735,15.34027,74.24833,15.33889,0.032,2.0,,River Water Discharge_Collem.xlsx,10,98.73,37.18,11.89
Dabri,23.1758,74.9319,SUCCESS,371.45,459.41,365.0,549.0,184.0,3.65,0.6527,242.43,75.05946,23.23835,74.93333,23.17472,0.199,2.0,,River Water Discharge_Dabri.xlsx,18,98.61,45.32,2.94
Dameracherla,16.7392,79.6697,SUCCESS,11800.71,431.85,53.0,730.0,677.0,2.75,0.6525,7700.01,78.84964,17.36871,79.66917,16.73972,0.083,2.0,,River Water Discharge_Dameracherla.xlsx,58,84.24,45.12,9.51
Datuni at dudwas,22.5672,76.6883,SUCCESS,599.39,396.94,284.0,648.0,364.0,5.11,0.6594,395.22,76.64422,22.70807,76.68833,22.56722,0.004,2.0,,River Water Discharge_Datuni at dudwas.xlsx,7,98.21,45.64,2.52
Deb at khajuri,21.9708,75.2578,SUCCESS,647.73,352.44,177.0,786.0,609.0,4.79,0.7116,460.95,75.2369,21.79006,75.2575,21.97083,0.034,2.0,,River Water Discharge_Deb at khajuri.xlsx,7,96.26,45.31,4.51
Denwa at matkuli,22.5856,78.4594,SUCCESS,848.42,672.74,391.0,1328.0,937.0,10.31,0.6517,552.93,78.51651,22.41922,78.45944,22.585,0.067,2.0,,River Water Discharge_Denwa at matkuli.xlsx,7,97.77,45.2,2.3
Dhadgaon,21.825,74.2239,SUCCESS,318.51,669.1,325.0,1300.0,975.0,13.75,0.6954,221.49,74.17559,21.74182,74.22444,21.82472,0.068,2.0,,River Water Discharge_Dhadgaon.xlsx,6,95.1,44.59,3.51
Dhariawad,24.0864,74.4756,SUCCESS,1338.35,439.04,214.0,589.0,375.0,4.29,0.6417,858.75,74.64945,24.2269,74.47583,24.08639,0.026,2.0,,River Water Discharge_Dhariawad.xlsx,35,95.65,45.92,2.71
Dhule,20.9269,74.7994,SUCCESS,2243.23,490.12,243.0,1237.0,994.0,5.2,0.7438,1668.48,74.33238,20.93571,74.79944,20.925,0.211,2.0,,River Water Discharge_Dhule.xlsx,7,88.62,43.58,5.07
Dindori,22.9478,81.0761,SUCCESS,2509.82,834.28,650.0,1147.0,497.0,7.36,0.6559,1646.22,81.39937,22.75808,81.07667,22.94861,0.11,2.0,,River Water Discharge_Dindori.xlsx,38,98.82,45.34,3.6
Dipuru,14.6186,79.5608,SUCCESS,858.14,141.57,46.0,914.0,868.0,3.99,0.6879,590.31,79.38695,14.76414,79.56028,14.61806,0.084,2.0,,River Water Discharge_Dipuru.xlsx,8,98.93,45.35,13.87
Doddipadu,15.74,78.0081,SUCCESS,3438.27,423.51,286.0,674.0,388.0,3.5,0.6674,2294.82,77.68986,15.50835,77.99917,15.74889,1.399,2.0,,River Water Discharge_Doddipadu.xlsx,12,96.72,43.75,9.92
Dudhi at panagar,22.8369,78.6028,SUCCESS,924.3,523.92,327.0,1212.0,885.0,8.07,0.6786,627.21,78.70478,22.57589,78.6025,22.83667,0.042,2.0,,River Water Discharge_Dudhi at panagar.xlsx,7,97.56,45.2,2.3
Elunuthimangalam,11.0317,77.8875,SUCCESS,3528.18,368.73,135.0,1972.0,1837.0,3.73,0.6756,2383.47,77.2751,11.08371,77.88778,11.03167,0.031,2.0,,River Water Discharge_Elunuthimangalam.xlsx,28,67.71,37.54,11.73
Errakalva    ananthapalli,16.9806,81.4592,SUCCESS,2013.65,163.12,33.0,758.0,725.0,4.31,0.6715,1352.13,81.2095,17.17377,81.45528,16.97222,1.027,2.0,,River Water Discharge_Errakalva    ananthapalli.xlsx,21,96.62,44.58,11.48
Fekoghat,22.3086,86.9164,SUCCESS,905.64,101.09,43.0,422.0,379.0,3.16,0.6444,583.56,86.81745,22.47362,86.91611,22.30861,0.032,2.0,,River Water Discharge_Fekoghat.xlsx,38,98.95,46.42,5.06
Gagadio   sanaliya,21.5494,71.4239,SUCCESS,393.49,130.34,81.0,209.0,128.0,3.16,0.8252,324.69,71.33998,21.69822,71.42389,21.54972,0.036,2.0,,River Water Discharge_Gagadio   sanaliya.xlsx,1,97.75,42.8,5.38
Bamrul,20.6625,75.2703,SUCCESS,1013.62,386.25,245.0,948.0,703.0,4.93,0.7279,737.82,75.09872,20.44837,75.27028,20.6625,0.002,2.0,,River Water Discharge_Bamrul.xlsx,2,96.61,44.52,5.76
Daredu,17.3794,80.1303,SUCCESS,2904.13,248.7,118.0,750.0,632.0,3.82,0.6432,1867.95,80.00645,17.78148,80.14417,17.39361,2.204,1.0,,River Water Discharge_Daredu.xlsx,6,96.4,45.75,10.4
Degloor,18.5456,77.5775,SUCCESS,1977.22,500.44,355.0,689.0,334.0,3.72,0.6113,1208.64,77.24043,18.49993,77.5775,18.5575,1.321,1.0,,River Water Discharge_Degloor.xlsx,39,96.32,44.8,7.47
Gandlapet,18.8211,78.4381,SUCCESS,1470.23,428.22,312.0,669.0,357.0,3.64,0.6996,1028.64,78.36372,18.60263,78.4375,18.82139,0.074,1.0,,River Water Discharge_Gandlapet.xlsx,39,90.61,45.22,8.66
Ganjem,15.4708,74.0992,SUCCESS,898.56,382.68,1.0,1024.0,1023.0,12.25,0.5955,535.08,74.23263,15.5498,74.09861,15.47167,0.116,1.0,,River Water Discharge_Ganjem.xlsx,9,98.65,37.18,11.89
Garimillapalli,18.4469,79.7047,SUCCESS,827.39,210.81,152.0,502.0,350.0,3.31,0.6857,567.33,79.86218,18.29974,79.70556,18.44778,0.136,1.0,,River Water Discharge_Garimillapalli.xlsx,9,98.52,45.89,9.11
Garimillapalli,18.4469,79.7047,SUCCESS,827.39,210.81,152.0,502.0,350.0,3.31,0.6857,567.33,79.86218,18.29974,79.70556,18.44778,0.136,1.0,,River Water Discharge_Garimillapalli_2.xlsx,3,98.52,45.89,9.11
Gaur at bhalawara,23.1089,79.9883,SUCCESS,911.54,527.76,388.0,749.0,361.0,6.16,0.6681,608.97,80.24753,23.09983,79.98833,23.10944,0.061,1.0,,River Water Discharge_Gaur at bhalawara.xlsx,7,98.54,46.04,1.95
Gavachi(ver),21.2544,73.13,SUCCESS,2920.32,176.61,4.0,781.0,777.0,5.46,0.7087,2069.61,73.73006,21.23679,73.13056,21.25528,0.115,1.5,,River Water Discharge_Gavachi(ver).xlsx,5,97.67,44.25,3.68
Halia,16.7882,79.3396,SUCCESS,3398.18,323.92,128.0,704.0,576.0,3.49,0.6761,2297.52,78.99114,16.98063,79.33972,16.78833,0.02,1.0,,River Water Discharge_Halia.xlsx,42,93.34,44.7,10.14
Hamdapur,20.6806,78.8511,SUCCESS,2042.91,346.87,214.0,606.0,392.0,4.22,0.6456,1318.95,78.60443,20.92371,78.85111,20.68139,0.088,1.0,,River Water Discharge_Hamdapur.xlsx,7,95.63,46.23,5.69
Harur,11.9028,78.33,SUCCESS,102.67,1081.39,456.0,1637.0,1181.0,18.11,0.5984,61.44,78.26741,11.83409,78.33056,11.90278,0.062,1.0,,River Water Discharge_Harur.xlsx,7,92.38,41.89,15.14
Hathed at misrod,22.6386,77.5594,SUCCESS,479.23,358.17,291.0,658.0,367.0,4.65,0.7284,349.08,77.69932,22.54872,77.55833,22.63111,0.84,1.0,,River Water Discharge_Hathed at misrod.xlsx,7,98.78,45.14,1.82
Hemavathy reservoir,12.822,76.0542,SUCCESS,1393.32,963.73,876.0,1423.0,547.0,8.0,0.6037,841.14,75.78115,12.90619,76.05417,12.8225,0.056,1.0,,River Water Discharge_Hemavathy reservoir.xlsx,1,83.22,36.34,11.0
Hiran at singaldeep,23.3861,79.9089,SUCCESS,2830.36,432.61,357.0,665.0,308.0,4.73,0.7108,2011.86,80.19456,23.45724,79.90889,23.38611,0.002,1.0,,River Water Discharge_Hiran at singaldeep.xlsx,7,98.81,45.99,1.97
Hogenakkal,12.1211,77.7819,SUCCESS,1597.28,740.0,257.0,1387.0,1130.0,8.34,0.654,1044.63,77.86653,12.40185,77.78194,12.12083,0.03,1.0,,River Water Discharge_Hogenakkal.xlsx,27,95.37,39.44,10.69
Hommaragalli,12.1142,76.4631,SUCCESS,3473.15,795.1,623.0,2036.0,1413.0,7.18,0.6276,2179.71,76.1808,11.902,76.46278,12.11417,0.036,1.0,,River Water Discharge_Hommaragalli.xlsx,7,67.85,35.78,10.15
Indra at khapriya,22.5722,77.4817,SUCCESS,477.13,338.36,283.0,650.0,367.0,3.88,0.7265,346.65,77.53019,22.46622,77.47778,22.61167,4.402,1.0,,River Water Discharge_Indra at khapriya.xlsx,7,98.16,45.14,1.82
Jamner at sandalpur,22.5775,76.9714,SUCCESS,595.66,377.23,275.0,579.0,304.0,4.87,0.6933,412.98,76.9127,22.76835,76.97083,22.57639,0.138,1.0,,River Water Discharge_Jamner at sandalpur.xlsx,7,98.99,45.61,2.51
Jannapura,13.0564,75.9614,SUCCESS,770.16,1039.88,924.0,1867.0,943.0,5.53,0.6163,474.66,75.80104,13.2181,75.96222,13.0575,0.152,1.0,,River Water Discharge_Jannapura.xlsx,8,92.35,36.58,10.73
Jannepally,18.8136,78.0633,SUCCESS,608.05,419.49,342.0,629.0,287.0,3.78,0.7416,450.9,78.12285,18.64492,78.06389,18.81389,0.073,1.0,,River Water Discharge_Jannepally.xlsx,8,98.93,45.22,8.66
Jaraikela,22.3261,85.08,SUCCESS,11489.17,541.21,198.0,1088.0,890.0,6.06,0.6323,7264.83,85.04054,22.84533,85.08,22.32667,0.063,1.5,,River Water Discharge_Jaraikela.xlsx,54,80.78,45.21,2.02
Jeeraguda,18.9492,82.4061,SUCCESS,2045.8,807.18,542.0,1664.0,1122.0,8.16,0.6078,1243.41,82.64066,18.74573,82.40611,18.95083,0.181,1.0,,River Water Discharge_Jeeraguda.xlsx,7,96.55,43.08,9.81
Jotasan,24.3556,73.1681,SUCCESS,2008.59,626.97,285.0,1178.0,893.0,12.89,0.6535,1312.65,73.385,24.44873,73.16806,24.35583,0.026,1.0,,River Water Discharge_Jotasan.xlsx,28,87.0,45.32,1.52
K.m. vadi,12.3472,76.2922,SUCCESS,1491.33,866.27,768.0,1595.0,827.0,5.21,0.6163,919.11,76.05958,12.22149,76.29222,12.34722,0.003,1.0,,River Water Discharge_K.m. vadi.xlsx,47,85.91,35.85,9.07
Kalampur,9.9906,76.6322,SUCCESS,600.31,183.32,3.0,1176.0,1173.0,11.15,0.6172,370.5,76.7544,9.97952,76.59639,9.99194,3.978,1.0,,River Water Discharge_Kalampur.xlsx,40,98.76,35.92,15.52
Kalasapadu,15.1125,78.9381,SUCCESS,1191.92,380.59,183.0,877.0,694.0,9.49,0.7408,882.96,78.87744,15.28932,78.93833,15.1125,0.026,1.0,,River Water Discharge_Kalasapadu.xlsx,8,97.63,44.79,11.91
Kalimachak at charuwa,22.0736,76.9144,SUCCESS,286.94,397.5,280.0,656.0,376.0,6.46,0.6589,189.06,77.04485,21.98383,76.91444,22.07389,0.032,1.0,,River Water Discharge_Kalimachak at charuwa.xlsx,7,97.97,45.2,3.96
Kallooppara,9.4036,76.6503,SUCCESS,709.89,171.79,1.0,1404.0,1403.0,12.27,0.6265,444.78,76.80933,9.51706,76.65028,9.40361,0.003,1.0,,River Water Discharge_Kallooppara.xlsx,41,98.99,36.58,16.81
Kalpadai,11.7872,78.7867,SUCCESS,129.86,756.14,206.0,1109.0,903.0,12.46,0.6473,84.06,78.69291,11.80888,78.78694,11.7875,0.043,1.0,,River Water Discharge_Kalpadai.xlsx,8,98.42,41.89,15.14
Kamalapuram,14.5806,78.6778,SUCCESS,7313.98,541.28,125.0,1368.0,1243.0,5.71,0.6727,4919.79,78.2759,13.99318,78.67667,14.58194,0.195,1.5,,River Water Discharge_Kamalapuram.xlsx,35,74.24,41.79,11.31
Kamarajupeta,17.3072,81.9153,SUCCESS,125.97,188.41,78.0,643.0,565.0,8.16,0.6123,77.13,81.89555,17.39955,81.91306,17.30528,0.328,1.0,,River Water Discharge_Kamarajupeta.xlsx,4,96.95,44.48,11.41
Kanas (s),20.0039,85.6436,SUCCESS,1191.54,36.3,1.0,297.0,296.0,2.6,0.672,800.73,85.76217,20.20834,85.65333,19.9725,3.649,1.0,,River Water Discharge_Kanas (s).xlsx,1,96.16,42.61,7.99
Kaner at mendhikheda,22.4086,76.2197,SUCCESS,1020.09,440.45,209.0,760.0,551.0,6.08,0.631,643.68,76.0968,22.55067,76.22,22.40889,0.046,1.0,,River Water Discharge_Kaner at mendhikheda.xlsx,7,97.46,45.31,2.78
Kanodar,24.0739,72.3939,SUCCESS,221.12,237.96,164.0,757.0,593.0,4.16,0.7195,159.09,72.50322,24.1481,72.39389,24.07389,0.002,1.0,,River Water Discharge_Kanodar.xlsx,1,98.92,46.55,1.84
Karam at dahiwar,22.2229,75.5309,SUCCESS,655.0,471.98,166.0,870.0,704.0,7.55,0.6618,433.5,75.53093,22.3952,75.53167,22.22278,0.086,1.0,,River Water Discharge_Karam at dahiwar.xlsx,7,98.75,45.2,2.37
Karanjkuwa,21.3536,74.2017,SUCCESS,158.52,412.82,205.0,731.0,526.0,7.98,0.7208,114.27,74.19128,21.25137,74.20111,21.35417,0.091,1.0,,River Water Discharge_Karanjkuwa.xlsx,6,98.48,44.6,3.51
Karoti,24.5933,72.5633,SUCCESS,482.13,363.94,235.0,1701.0,1466.0,6.5,0.7136,344.07,72.65928,24.66191,72.5625,24.59389,0.11,1.0,,River Water Discharge_Karoti.xlsx,3,97.88,46.55,1.84
Katangatola,22.5178,80.4067,SUCCESS,824.72,583.66,441.0,905.0,464.0,5.75,0.6481,534.54,80.58775,22.42297,80.40917,22.51417,0.487,1.0,,River Water Discharge_Katangatola.xlsx,7,97.22,45.45,3.31
Kattaleru   tiruvuru,17.0925,80.6156,SUCCESS,314.13,144.49,82.0,289.0,207.0,3.18,0.7004,220.02,80.72681,17.20254,80.615,17.09306,0.091,1.0,,River Water Discharge_Kattaleru   tiruvuru.xlsx,16,96.99,45.84,10.9
Keesara,16.7147,80.3203,SUCCESS,3602.28,118.89,24.0,795.0,771.0,3.48,0.6687,2408.7,80.49623,17.12514,80.31722,16.71556,0.355,1.0,,River Water Discharge_Keesara.xlsx,61,92.27,45.8,11.3
Kelo at raigarh,21.8911,83.3992,SUCCESS,1199.19,331.62,202.0,767.0,565.0,5.98,0.6491,778.35,83.46822,22.1288,83.39972,21.89111,0.058,1.0,,River Water Discharge_Kelo at raigarh.xlsx,31,97.07,45.46,2.58
Kesrali,18.6611,77.6792,SUCCESS,2671.01,475.4,337.0,726.0,389.0,3.46,0.6035,1611.96,77.1448,18.71645,77.67722,18.65917,0.307,1.5,,River Water Discharge_Kesrali.xlsx,1,98.94,44.74,7.35
Khadakewada,16.4125,74.3139,SUCCESS,699.23,654.87,539.0,1038.0,499.0,7.06,0.6134,428.88,74.10439,16.27898,74.315,16.4525,4.442,1.0,,River Water Discharge_Khadakewada.xlsx,2,98.15,38.68,10.55
Khadka,19.9103,78.1853,SUCCESS,4759.98,367.49,238.0,569.0,331.0,3.25,0.6522,3104.52,77.76847,20.22756,78.19028,19.91778,0.997,1.0,,River Water Discharge_Khadka.xlsx,8,90.26,46.08,6.35
Khandiovari,24.0114,73.6642,SUCCESS,1295.97,474.9,266.0,944.0,678.0,10.24,0.6744,874.05,73.55072,24.12704,73.66333,24.01056,0.134,1.0,,River Water Discharge_Khandiovari.xlsx,7,98.51,45.17,1.75
Khanditar,20.8122,86.1986,SUCCESS,14655.05,195.89,2.0,1179.0,1177.0,6.35,0.6723,9852.72,85.18038,21.12161,86.21944,20.8275,2.87,2.0,,River Water Discharge_Khanditar.xlsx,22,92.1,44.4,6.33
Khariya,21.5961,76.8625,SUCCESS,6178.03,573.6,280.0,1168.0,888.0,7.1,0.6747,4168.02,77.49216,21.71483,76.87083,21.6075,1.567,1.5,,River Water Discharge_Khariya.xlsx,5,88.1,45.36,4.88
Kheda,22.7458,72.68,SUCCESS,3270.83,158.4,6.0,379.0,373.0,3.53,0.6508,2128.62,73.34961,23.39316,72.68,22.74583,0.004,1.5,,River Water Discharge_Kheda.xlsx,34,98.54,44.53,3.02
Khedbrahma,24.0344,73.0494,SUCCESS,712.0,386.74,195.0,848.0,653.0,11.32,0.6876,489.54,73.2316,24.04938,73.04944,24.035,0.067,1.0,,River Water Discharge_Khedbrahma.xlsx,1,98.48,44.97,2.05
Khorsi_balodabazar,21.6528,82.1922,SUCCESS,518.02,270.05,232.0,327.0,95.0,2.8,0.6274,325.02,82.06323,21.53158,82.19194,21.65278,0.028,1.0,,River Water Discharge_Khorsi_balodabazar.xlsx,1,98.84,46.13,5.31
Kodaganar dam,10.5931,77.9719,SUCCESS,1756.96,399.57,191.0,1942.0,1751.0,6.44,0.7629,1340.46,77.96871,10.40092,77.97194,10.59528,0.242,1.0,,River Water Discharge_Kodaganar dam.xlsx,1,97.91,38.93,14.96
Kogaon,22.1011,75.6847,SUCCESS,4182.95,370.1,152.0,986.0,834.0,4.83,0.6894,2883.6,75.76543,21.74582,75.68389,22.10056,0.108,1.0,,River Water Discharge_Kogaon.xlsx,49,96.53,45.33,4.52
Kokkedoddy,12.2961,77.4408,SUCCESS,4257.05,804.5,373.0,1467.0,1094.0,5.08,0.6201,2639.82,77.44625,12.83972,77.44083,12.29611,0.004,1.5,,River Water Discharge_Kokkedoddy.xlsx,8,85.75,39.18,10.49
Kolar at mahgaon,22.7136,77.3664,SUCCESS,954.18,468.98,291.0,638.0,347.0,4.65,0.6545,624.54,77.27209,22.965,77.36639,22.71389,0.032,1.0,,River Water Discharge_Kolar at mahgaon.xlsx,7,98.54,45.46,1.86
Koli(bk),20.0414,78.1667,SUCCESS,3100.76,375.01,254.0,575.0,321.0,3.2,0.6372,1975.71,77.74967,20.29408,78.16667,20.0425,0.122,1.5,,River Water Discharge_Koli(bk).xlsx,8,92.59,46.1,6.34
Koliari   rampur,22.8781,73.8239,SUCCESS,1207.26,251.46,132.0,671.0,539.0,5.39,0.6217,750.51,73.9667,22.66887,73.80722,22.87139,1.995,1.0,,River Water Discharge_Koliari   rampur.xlsx,1,98.01,45.27,3.73
Kondazhy,10.7233,76.4019,SUCCESS,1055.11,184.89,25.0,1616.0,1591.0,8.54,0.6333,668.19,76.59868,10.59999,76.40222,10.72361,0.05,1.0,,River Water Discharge_Kondazhy.xlsx,7,97.07,35.28,13.03
Kothapalle (sileru),17.8253,81.5528,SUCCESS,3416.11,729.82,57.0,1520.0,1463.0,15.26,0.6199,2117.52,82.13368,17.97859,81.55278,17.82556,0.028,1.0,,River Water Discharge_Kothapalle (sileru).xlsx,6,97.43,43.32,10.87
Kottapuram,10.6778,76.2006,SUCCESS,97.73,97.3,5.0,507.0,502.0,10.8,0.6094,59.55,76.26312,10.6579,76.18583,10.67639,1.647,1.0,,River Water Discharge_Kottapuram.xlsx,7,98.24,35.28,13.03
Kovvada kalva near dommeru,17.0181,81.6644,SUCCESS,334.67,50.2,13.0,188.0,175.0,2.52,0.7069,236.58,81.5807,17.0988,81.66278,17.01806,0.18,1.0,,River Water Discharge_Kovvada kalva near dommeru.xlsx,21,98.3,44.48,11.41
Kovvadakalva   pragadapalli,17.2139,81.5967,SUCCESS,1102.64,312.25,2.0,1033.0,1031.0,14.53,0.6308,695.58,81.68951,17.43904,81.64,17.21639,4.814,1.0,,River Water Discharge_Kovvadakalva   pragadapalli.xlsx,18,95.78,44.48,11.41
Koyna,17.4,73.75,SUCCESS,492.87,816.33,568.0,1218.0,650.0,13.66,0.5403,266.31,73.7635,17.49208,73.75861,17.35139,5.48,1.0,,River Water Discharge_Koyna.xlsx,36,97.53,38.29,9.52
Kudlur,11.8406,77.4628,SUCCESS,735.04,844.44,443.0,1669.0,1226.0,13.45,0.6137,451.11,77.34512,11.74085,77.46306,11.84056,0.029,1.0,,River Water Discharge_Kudlur.xlsx,27,98.87,38.02,11.23
Kukshi,22.2078,74.7836,SUCCESS,811.26,296.25,150.0,573.0,423.0,4.52,0.6742,546.93,74.74348,22.37754,74.77639,22.20778,0.8,1.0,,River Water Discharge_Kukshi.xlsx,4,98.36,45.31,2.77
Kundanpur,23.3778,74.6067,SUCCESS,4342.02,453.6,261.0,607.0,346.0,3.9,0.6558,2847.63,74.95259,23.03862,74.63361,23.40278,4.076,1.0,,River Water Discharge_Kundanpur.xlsx,21,92.4,45.07,2.56
Kunturla (machkund),18.1992,82.6497,SUCCESS,752.69,1090.4,849.0,1630.0,781.0,15.72,0.6084,457.95,82.65667,18.10086,82.65,18.19917,0.034,1.0,,River Water Discharge_Kunturla (machkund).xlsx,8,98.78,43.06,10.02
Kurubhata,21.9811,83.2106,SUCCESS,5115.37,458.93,204.0,1147.0,943.0,6.39,0.6703,3428.91,83.24556,22.48114,83.21056,21.98139,0.032,1.5,,River Water Discharge_Kurubhata.xlsx,48,88.98,45.3,2.39
Lakkavalli,13.7064,75.6447,SUCCESS,2106.93,912.77,606.0,1918.0,1312.0,11.52,0.5896,1242.15,75.52109,13.38582,75.64472,13.70639,0.003,1.0,,River Water Discharge_Lakkavalli.xlsx,8,78.24,36.56,10.74
Lakshmananpatti,10.4981,77.9458,SUCCESS,1428.26,431.58,210.0,1942.0,1732.0,7.09,0.7609,1086.75,77.96696,10.36821,77.94583,10.49806,0.006,1.0,,River Water Discharge_Lakshmananpatti.xlsx,6,97.91,38.96,15.0
Lasur,19.9375,74.025,SUCCESS,2356.9,653.42,529.0,1522.0,993.0,6.11,0.6351,1496.76,73.71394,19.88836,73.98056,19.97778,6.658,1.0,,River Water Discharge_Lasur.xlsx,3,89.53,40.44,7.37
Lohara,20.8164,76.7639,SUCCESS,2511.5,411.74,241.0,629.0,388.0,4.09,0.6565,1648.8,76.70508,20.46407,76.76333,20.81611,0.071,1.0,,River Water Discharge_Lohara.xlsx,6,93.48,45.63,5.77
Lonkheda,21.5667,74.4847,SUCCESS,911.79,333.5,131.0,992.0,861.0,6.79,0.8003,729.75,74.69688,21.67043,74.48361,21.56917,0.299,1.0,,River Water Discharge_Lonkheda.xlsx,6,94.23,44.6,3.51
M.h. halli,12.82,76.1411,SUCCESS,3094.91,980.34,839.0,1867.0,1028.0,6.09,0.603,1866.09,75.8508,13.00162,76.14167,12.81944,0.088,1.0,,River Water Discharge_M.h. halli.xlsx,48,80.07,36.39,10.57
Maan at gopalpura,22.2615,75.1019,SUCCESS,1001.35,453.51,189.0,748.0,559.0,6.81,0.6808,681.75,75.19122,22.47642,75.1025,22.26111,0.079,1.0,,River Water Discharge_Maan at gopalpura.xlsx,7,97.99,45.2,2.37
Machak at barangi,22.2169,76.945,SUCCESS,510.5,390.63,264.0,744.0,480.0,6.02,0.6786,346.44,77.15683,22.114,76.945,22.21694,0.005,1.0,,River Water Discharge_Machak at barangi.xlsx,7,98.68,45.16,1.91
Pachegaon,19.5353,74.8336,SUCCESS,5889.89,680.21,467.0,1537.0,1070.0,6.3,0.6878,4050.99,74.28534,19.42552,74.83361,19.53444,0.095,1.5,,River Water Discharge_Pachegaon.xlsx,42,76.13,42.28,5.39
Padampur,21.0158,83.1031,SUCCESS,2591.09,287.13,166.0,1008.0,842.0,5.62,0.6679,1730.52,82.85239,21.08637,83.10361,21.01611,0.066,1.0,,River Water Discharge_Padampur.xlsx,11,93.52,46.24,5.38
Palakmati at sohagpur,22.6969,78.2014,SUCCESS,95.52,381.07,324.0,545.0,221.0,5.03,0.6831,65.25,78.22001,22.63669,78.1975,22.70917,1.429,1.0,,River Water Discharge_Palakmati at sohagpur.xlsx,7,97.92,45.2,2.3
Paleru bridge,16.9489,80.0492,SUCCESS,2831.59,189.4,72.0,493.0,421.0,2.52,0.6157,1743.33,79.7465,17.33153,80.04861,16.94889,0.065,1.0,,River Water Discharge_Paleru bridge.xlsx,55,95.28,45.87,9.76
Pallamala,13.7181,79.7925,SUCCESS,401.43,166.27,27.0,940.0,913.0,8.88,0.7282,292.32,79.74303,13.60363,79.79167,13.71889,0.127,1.0,,River Water Discharge_Pallamala.xlsx,8,98.29,44.22,13.68
Pallippady,10.0394,76.6164,SUCCESS,600.32,183.32,3.0,1176.0,1173.0,11.15,0.6173,370.56,76.7544,9.97952,76.59583,9.9925,5.684,1.0,,River Water Discharge_Pallippady.xlsx,7,98.76,35.92,15.52
Panam at santrod,22.8003,73.7872,SUCCESS,1141.48,256.58,141.0,671.0,530.0,5.55,0.6209,708.78,73.97627,22.65975,73.7875,22.80028,0.033,1.0,,River Water Discharge_Panam at santrod.xlsx,1,98.01,45.26,3.69
Parmanpur,21.7894,84.1061,SUCCESS,3188.07,331.52,193.0,818.0,625.0,6.64,0.6473,2063.58,84.41764,21.76822,84.10694,21.78889,0.11,1.0,,River Water Discharge_Parmanpur.xlsx,24,98.7,45.56,4.5
Patan,23.3117,79.6628,SUCCESS,4387.78,430.0,332.0,752.0,420.0,4.53,0.7022,3081.15,80.08541,23.42673,79.66278,23.31139,0.035,1.0,,River Water Discharge_Patan.xlsx,47,98.81,45.87,2.07
Pati,21.9436,74.7458,SUCCESS,1817.36,456.9,188.0,1021.0,833.0,6.93,0.7044,1280.1,74.94991,21.7659,74.74556,21.94333,0.04,1.0,,River Water Discharge_Pati.xlsx,24,96.18,44.76,3.89
Pedageddada,17.4692,81.7342,SUCCESS,130.5,493.4,217.0,929.0,712.0,18.25,0.6226,81.24,81.7213,17.57625,81.73222,17.46611,0.407,1.0,,River Water Discharge_Pedageddada.xlsx,17,95.78,44.48,11.41
Penuganchi prolu,16.9072,80.2511,SUCCESS,6799.82,228.43,40.0,750.0,710.0,3.18,0.6404,4354.8,79.91835,17.64157,80.24944,16.90556,0.259,1.5,,River Water Discharge_Penuganchi prolu.xlsx,5,97.44,45.73,10.38
Pillaperu riverr   narravada.,14.9289,79.4211,SUCCESS,772.63,252.92,94.0,1025.0,931.0,7.52,0.6557,506.58,79.23689,14.95986,79.42056,14.93056,0.193,1.0,,River Water Discharge_Pillaperu riverr   narravada..xlsx,12,97.99,45.46,13.55
Pipriya,21.3408,80.5547,SUCCESS,261.55,527.61,321.0,785.0,464.0,9.64,0.595,155.61,80.65882,21.37305,80.56583,21.34639,1.383,1.0,,River Water Discharge_Pipriya.xlsx,7,98.58,45.9,4.55
Pookkayam,12.4585,75.2763,SUCCESS,180.75,451.8,59.0,1346.0,1287.0,18.52,0.6291,113.7,75.37652,12.44331,75.27611,12.45861,0.024,1.0,,River Water Discharge_Pookkayam.xlsx,7,98.84,36.33,11.31
Potteru (potteruvagu),18.1894,81.7981,SUCCESS,4544.62,748.36,126.0,1677.0,1551.0,12.09,0.6224,2828.79,82.41116,18.29562,81.79861,18.18889,0.08,1.5,,River Water Discharge_Potteru (potteruvagu).xlsx,28,93.84,43.13,9.98
Prakasha(damarkheda),21.5178,74.3969,SUCCESS,1390.23,356.96,112.0,1196.0,1084.0,7.57,0.8073,1122.33,74.61807,21.68613,74.39694,21.51806,0.029,1.0,,River Water Discharge_Prakasha(damarkheda).xlsx,5,93.03,44.6,3.51
Pratappur,19.5194,74.3828,SUCCESS,1874.17,725.05,518.0,1537.0,1019.0,7.89,0.6897,1292.55,74.04277,19.5745,74.38278,19.51972,0.036,1.0,,River Water Discharge_Pratappur.xlsx,9,84.8,41.67,6.03
Pudunagara,12.0694,77.4094,SUCCESS,255.01,981.04,590.0,1815.0,1225.0,9.72,0.6046,154.17,77.26809,11.89859,77.40917,12.06944,0.026,1.0,,River Water Discharge_Pudunagara.xlsx,6,98.86,38.26,11.1
Pudur,10.7775,76.5122,SUCCESS,2792.74,411.32,43.0,2508.0,2465.0,7.71,0.6647,1856.46,76.92297,10.68987,76.5125,10.7775,0.033,1.0,,River Water Discharge_Pudur.xlsx,41,83.45,36.24,13.38
Pulamanthole,10.8981,76.1919,SUCCESS,910.1,304.86,7.0,2373.0,2366.0,12.21,0.6132,558.06,76.43487,10.96022,76.19194,10.89833,0.026,1.0,,River Water Discharge_Pulamanthole.xlsx,40,98.1,35.53,12.45
Pullakkayar,9.5744,76.8861,SUCCESS,103.23,500.29,82.0,1404.0,1322.0,23.2,0.6248,64.5,76.9103,9.60103,76.88611,9.57444,0.005,1.0,,River Water Discharge_Pullakkayar.xlsx,7,98.01,36.58,16.81
Rahu,18.5722,74.2736,SUCCESS,3020.94,659.96,502.0,1327.0,825.0,8.44,0.629,1900.17,73.75512,18.51845,74.27389,18.57222,0.032,1.0,,River Water Discharge_Rahu.xlsx,3,77.94,39.14,8.43
Rambhapur,22.9517,74.4511,SUCCESS,661.86,350.11,244.0,488.0,244.0,5.02,0.6397,423.42,74.58823,23.03294,74.45167,22.95111,0.091,1.0,,River Water Discharge_Rambhapur.xlsx,21,98.64,45.1,2.45
Rampur,21.6472,82.5161,SUCCESS,3646.52,347.3,203.0,875.0,672.0,5.46,0.6562,2392.86,82.53468,21.12552,82.51472,21.64778,0.166,1.5,,River Water Discharge_Rampur.xlsx,55,97.57,46.31,5.54
Rangeli,23.8722,74.2233,SUCCESS,9335.19,385.34,149.0,1021.0,872.0,6.52,0.6612,6172.02,74.03221,24.18141,74.22333,23.8725,0.034,1.0,,River Water Discharge_Rangeli.xlsx,46,74.79,45.36,2.47
Ratanpur,22.9756,72.8836,SUCCESS,3099.8,164.86,26.0,379.0,353.0,3.53,0.6477,2007.69,73.37974,23.42194,72.88333,22.97583,0.039,1.0,,River Water Discharge_Ratanpur.xlsx,35,98.54,44.5,2.9
Rayachoti,14.0667,78.7553,SUCCESS,336.71,508.77,340.0,1080.0,740.0,9.4,0.6909,232.65,78.65468,13.97889,78.75528,14.06694,0.027,1.0,,River Water Discharge_Rayachoti.xlsx,6,97.9,42.02,11.33
Sakleshpur,12.9433,75.7939,SUCCESS,617.73,972.71,889.0,1423.0,534.0,8.71,0.6157,380.31,75.67222,13.05464,75.79528,12.94444,0.199,1.0,,River Water Discharge_Sakleshpur.xlsx,24,98.02,36.41,10.87
Salebhata,20.9831,83.5369,SUCCESS,4890.97,257.66,125.0,1008.0,883.0,5.23,0.67,3276.75,83.03231,21.0624,83.53694,20.98278,0.036,1.0,,River Water Discharge_Salebhata.xlsx,54,92.12,46.02,5.49
Samdoli (seasonal),16.8564,74.4967,SUCCESS,2122.92,666.7,531.0,1109.0,578.0,7.11,0.6324,1342.53,74.05801,16.97157,74.49611,16.85583,0.091,1.0,,River Water Discharge_Samdoli (seasonal).xlsx,62,97.78,38.55,10.3
Sanarpatti,10.2856,78.0961,SUCCESS,102.54,444.83,306.0,1246.0,940.0,8.48,0.8113,83.19,78.09782,10.24202,78.08944,10.30389,2.16,1.0,,River Water Discharge_Sanarpatti.xlsx,1,94.94,40.39,16.23
Saner at chargawan,23.0533,79.5992,SUCCESS,592.68,489.45,346.0,632.0,286.0,5.76,0.6503,385.41,79.66341,22.88201,79.59917,23.05361,0.035,1.0,,River Water Discharge_Saner at chargawan.xlsx,7,98.97,45.22,2.69
Sangam (murredu),17.5936,80.8217,SUCCESS,1699.99,186.36,53.0,792.0,739.0,5.53,0.6836,1162.08,80.55176,17.54218,80.82194,17.59333,0.04,1.0,,River Water Discharge_Sangam (murredu).xlsx,10,98.83,45.84,10.9
Sanoor,13.1808,74.9944,SUCCESS,51.36,87.8,38.0,248.0,210.0,6.92,0.5712,29.34,74.99737,13.16662,74.95472,13.16972,4.573,1.0,,River Water Discharge_Sanoor.xlsx,8,98.55,36.23,11.06
Seedhi,18.7219,84.0436,SUCCESS,1170.88,379.68,37.0,1495.0,1458.0,13.88,0.6503,761.4,84.17469,18.90251,84.03972,18.725,0.551,1.0,,River Water Discharge_Seedhi.xlsx,13,98.4,42.4,9.1
Seethapalli,17.3969,81.7864,SUCCESS,477.82,397.57,101.0,1033.0,932.0,15.29,0.6183,295.41,81.76239,17.50354,81.76806,17.38389,2.496,1.0,,River Water Discharge_Seethapalli.xlsx,11,95.78,44.48,11.41
Sevanur,11.5519,77.7319,SUCCESS,44299.03,792.58,166.0,2036.0,1870.0,5.8,0.6362,28182.63,76.80765,12.45553,77.73194,11.55222,0.036,2.5,,River Water Discharge_Sevanur.xlsx,27,43.21,37.14,10.02
Sharad,19.97,78.3353,SUCCESS,913.13,340.94,240.0,481.0,241.0,4.31,0.6497,593.25,78.27934,20.20639,78.34028,19.9725,0.618,1.0,,River Water Discharge_Sharad.xlsx,8,98.51,46.62,6.52
Machna at shahpur,22.1947,77.8983,SUCCESS,995.08,621.69,382.0,880.0,498.0,4.76,0.6445,641.31,77.85139,21.98304,77.89833,22.19444,0.029,1.0,,River Water Discharge_Machna at shahpur.xlsx,7,97.75,45.16,3.73
Machrewa at bakori,22.8442,79.3656,SUCCESS,525.73,581.53,375.0,898.0,523.0,6.94,0.6725,353.55,79.32528,22.65523,79.36528,22.84444,0.045,1.0,,River Water Discharge_Machrewa at bakori.xlsx,7,98.13,45.24,2.7
Madhira,16.9181,80.3589,SUCCESS,1754.25,129.34,42.0,795.0,753.0,3.91,0.6607,1158.96,80.38894,17.22353,80.35722,16.91667,0.245,1.0,,River Water Discharge_Madhira.xlsx,42,90.93,45.83,10.99
Madhya bharat paper ltd (mbpl),22.0131,82.6478,SUCCESS,3798.89,408.07,194.0,1049.0,855.0,6.01,0.6594,2505.03,82.56378,22.5063,82.65028,22.01417,0.299,1.0,,River Water Discharge_Madhya bharat paper ltd (mbpl).xlsx,1,95.55,45.45,4.01
Magaral,12.7083,79.75,SUCCESS,4067.25,292.04,57.0,1147.0,1090.0,6.43,0.7014,2852.64,79.13989,12.57747,79.74889,12.70944,0.177,1.5,,River Water Discharge_Magaral.xlsx,55,95.06,43.02,14.06
Mahanadi_ arang,21.1619,82.0197,SUCCESS,11343.45,421.27,247.0,963.0,716.0,4.67,0.6687,7585.23,81.88161,20.53095,82.0175,21.16472,0.397,1.5,,River Water Discharge_Mahanadi_ arang.xlsx,3,90.57,46.02,5.5
Mahanadi_ kasdol,21.6389,82.3917,SUCCESS,13935.55,397.18,212.0,963.0,751.0,4.45,0.6655,9274.5,81.94264,20.6806,82.39361,21.63861,0.215,2.0,,River Water Discharge_Mahanadi_ kasdol.xlsx,2,90.73,46.06,5.59
Malpur,21.2736,74.5028,SUCCESS,363.67,353.8,201.0,646.0,445.0,4.15,0.7675,279.12,74.37217,21.23925,74.50194,21.27972,0.686,1.0,,River Water Discharge_Malpur.xlsx,2,98.48,44.6,3.51
Manakkad,9.9089,76.6961,SUCCESS,320.85,421.61,21.0,1266.0,1245.0,15.17,0.6026,193.35,76.8299,9.81262,76.69611,9.90917,0.03,1.0,,River Water Discharge_Manakkad.xlsx,7,98.95,36.58,16.81
Mandal,21.3442,74.9044,SUCCESS,736.69,322.0,151.0,813.0,662.0,5.66,0.7571,557.73,75.00039,21.49206,74.90444,21.34417,0.006,1.0,,River Water Discharge_Mandal.xlsx,6,95.7,44.83,4.01
Mandalapadu,17.2047,80.715,SUCCESS,95.72,156.49,111.0,289.0,178.0,3.84,0.719,68.82,80.72541,17.25361,80.71444,17.1725,3.575,1.0,,River Water Discharge_Mandalapadu.xlsx,5,96.99,45.84,10.9
Manendragarh,23.2014,82.2144,SUCCESS,1111.06,668.44,414.0,1048.0,634.0,5.63,0.6285,698.25,82.35472,23.3666,82.21472,23.20111,0.048,1.0,,River Water Discharge_Manendragarh.xlsx,37,97.7,45.97,1.6
Mangaon,18.2314,73.2831,SUCCESS,525.37,129.91,1.0,1051.0,1050.0,8.39,0.6456,339.18,73.29717,18.30017,73.27528,18.185,5.223,1.0,,River Water Discharge_Mangaon.xlsx,13,98.89,38.69,8.6
Manikal,9.5311,76.9122,SUCCESS,158.62,420.42,57.0,1404.0,1347.0,21.11,0.6173,97.92,76.91765,9.57691,76.88861,9.53806,2.73,1.0,,River Water Discharge_Manikal.xlsx,7,98.01,36.58,16.81
Manot,22.7358,80.5131,SUCCESS,5342.72,766.21,440.0,1147.0,707.0,7.18,0.6411,3425.37,81.09303,22.86474,80.5125,22.73583,0.067,1.5,,River Water Discharge_Manot.xlsx,50,91.07,45.46,3.66
Maruthankuzhy,8.5128,76.9819,SUCCESS,528.86,146.99,1.0,1701.0,1700.0,9.74,0.6253,330.69,77.06041,8.56492,76.935,8.46583,7.367,1.0,,River Water Discharge_Maruthankuzhy.xlsx,1,98.7,37.24,18.16
Mat sekawi,24.8294,92.8867,SUCCESS,2244.12,391.27,2.0,2070.0,2068.0,16.22,0.6409,1438.17,93.15486,24.91301,92.93167,24.81139,5.377,1.0,,River Water Discharge_Mat sekawi.xlsx,11,94.16,36.98,4.2
Mat-2,23.8958,92.8686,SUCCESS,1042.94,652.5,103.0,1900.0,1797.0,24.52,0.5875,612.69,92.83271,23.66221,92.83444,23.88611,3.941,1.0,,River Water Discharge_Mat-2.xlsx,8,96.4,36.16,4.49
Mat-i,23.3164,92.8111,SUCCESS,162.01,917.31,493.0,1610.0,1117.0,23.09,0.5864,95.01,92.81558,23.40654,92.81111,23.31639,0.002,1.0,,River Water Discharge_Mat-i.xlsx,12,97.27,36.16,4.49
Mayambadi,11.7375,78.7908,SUCCESS,118.03,796.19,221.0,1294.0,1073.0,15.89,0.6141,72.48,78.70287,11.72459,78.79083,11.7375,0.004,1.0,,River Water Discharge_Mayambadi.xlsx,8,98.42,41.89,15.14
Meghraj,23.4947,73.5153,SUCCESS,616.97,235.53,148.0,379.0,231.0,4.87,0.6582,406.08,73.6548,23.60214,73.515,23.49472,0.033,1.0,,River Water Discharge_Meghraj.xlsx,1,96.37,44.53,2.89
Mirawadi,18.535,74.1747,SUCCESS,2779.92,668.3,502.0,1327.0,825.0,8.89,0.622,1729.08,73.7134,18.51965,74.17472,18.53556,0.062,1.0,,River Water Discharge_Mirawadi.xlsx,6,93.4,38.98,8.54
Morane,20.9094,74.7133,SUCCESS,1997.35,509.65,264.0,1237.0,973.0,5.44,0.7439,1485.84,74.2869,20.94176,74.71333,20.91,0.067,1.0,,River Water Discharge_Morane.xlsx,35,88.62,43.59,5.03
Mukki,22.1494,80.6656,SUCCESS,1082.91,625.93,461.0,906.0,445.0,5.19,0.6617,716.52,80.83356,21.97902,80.66556,22.14944,0.007,1.0,,River Water Discharge_Mukki.xlsx,1,88.12,45.67,4.02
Mukkodlu,12.4906,75.7722,SUCCESS,153.01,1096.48,886.0,1636.0,750.0,14.51,0.5733,87.72,75.7174,12.49486,75.77222,12.49083,0.026,1.0,,River Water Discharge_Mukkodlu.xlsx,8,95.24,36.33,11.31
Mundakayam_gd,9.53,76.8839,SUCCESS,159.16,419.28,56.0,1404.0,1348.0,21.08,0.6184,98.43,76.91755,9.57677,76.88389,9.53444,0.493,1.0,,River Water Discharge_Mundakayam_gd.xlsx,1,98.01,36.58,16.81
Munugodu,16.5547,80.2064,SUCCESS,620.99,88.94,28.0,474.0,446.0,3.16,0.5968,370.59,80.06276,16.44465,80.20222,16.5575,0.558,1.0,,River Water Discharge_Munugodu.xlsx,9,95.78,45.64,12.19
Murli,19.4681,77.9861,SUCCESS,9143.19,502.14,365.0,745.0,380.0,3.07,0.6104,5581.02,77.08076,19.85827,77.98472,19.46861,0.163,2.5,,River Water Discharge_Murli.xlsx,8,89.28,45.76,6.42
Muthanga (ponkuzhi),11.6739,76.3442,SUCCESS,154.51,894.16,842.0,1077.0,235.0,8.22,0.6423,99.24,76.29901,11.63748,76.34444,11.67694,0.339,1.0,,River Water Discharge_Muthanga (ponkuzhi).xlsx,1,96.93,36.2,10.84
Muthankera,11.8081,76.0842,SUCCESS,1246.31,828.53,706.0,2036.0,1330.0,11.23,0.6468,806.07,76.03412,11.6959,76.08361,11.81083,0.31,1.0,,River Water Discharge_Muthankera.xlsx,53,98.71,35.84,11.52
Nagaram,18.2892,79.4739,SUCCESS,172.18,286.76,228.0,627.0,399.0,3.92,0.6614,113.88,79.37772,18.17821,79.47389,18.26,3.241,1.0,,River Water Discharge_Nagaram.xlsx,7,98.66,45.93,9.11
Nagari,20.4256,78.8744,SUCCESS,750.23,240.01,203.0,390.0,187.0,2.43,0.6276,470.88,79.05201,20.51953,78.87417,20.42611,0.062,1.0,,River Water Discharge_Nagari.xlsx,7,98.1,46.3,6.28
Nandalur,14.2547,79.1164,SUCCESS,6009.3,528.85,135.0,1365.0,1230.0,6.45,0.652,3917.79,78.81335,13.81884,79.11611,14.25528,0.072,1.0,,River Water Discharge_Nandalur.xlsx,13,93.83,42.28,11.71
Nandipalli,14.7211,79.0189,SUCCESS,2801.64,305.07,112.0,878.0,766.0,8.19,0.7485,2097.12,78.92724,15.08802,79.01861,14.72111,0.032,1.0,,River Water Discharge_Nandipalli.xlsx,36,97.63,44.33,12.37
Nandre,16.9492,74.5297,SUCCESS,3183.77,723.93,540.0,1084.0,544.0,3.57,0.6595,2099.85,74.47467,17.38591,74.52944,16.94972,0.065,1.0,,River Water Discharge_Nandre.xlsx,8,86.44,40.08,7.88
Narasingarayainpet,13.1833,79.2081,SUCCESS,2100.28,449.3,249.0,1185.0,936.0,6.7,0.6649,1396.53,79.01042,13.30128,79.20806,13.18333,0.006,1.0,,River Water Discharge_Narasingarayainpet.xlsx,8,95.94,42.93,12.57
Narmadapuram,22.7558,77.7333,SUCCESS,32286.51,454.92,271.0,1333.0,1062.0,4.82,0.6675,21550.02,78.96137,22.86955,77.73333,22.75806,0.25,3.0,,River Water Discharge_Narmadapuram.xlsx,54,74.98,45.34,2.48
Navalgund,15.5731,75.3731,SUCCESS,3205.46,639.02,564.0,846.0,282.0,2.67,0.6159,1974.36,75.20617,15.43712,75.37,15.57306,0.344,1.0,,River Water Discharge_Navalgund.xlsx,17,76.18,39.39,10.71
Noornagar,23.1114,78.4028,SUCCESS,1286.58,409.13,313.0,709.0,396.0,4.23,0.6682,859.65,78.47891,23.26845,78.39889,23.10972,0.472,1.0,,River Water Discharge_Noornagar.xlsx,8,96.88,46.28,2.34
Odendurai,11.3217,76.8928,SUCCESS,1505.84,1146.42,302.0,2634.0,2332.0,17.49,0.6423,967.2,76.68053,11.18622,76.89889,11.30694,1.772,1.0,,River Water Discharge_Odendurai.xlsx,9,95.44,36.17,10.91
Orsang at bodeli,22.2653,73.7269,SUCCESS,2034.32,211.03,71.0,675.0,604.0,5.35,0.6885,1400.55,74.00635,22.40595,73.72667,22.26583,0.065,1.0,,River Water Discharge_Orsang at bodeli.xlsx,1,96.03,45.24,3.54
Ozerkheda,20.1003,73.2711,SUCCESS,700.82,400.38,78.0,1229.0,1151.0,12.05,0.645,452.04,73.3362,20.0021,73.27083,20.10028,0.03,1.0,,River Water Discharge_Ozerkheda.xlsx,40,98.56,40.82,7.02
Sher at kacchara,22.8236,79.4578,SUCCESS,897.41,576.8,394.0,755.0,361.0,5.09,0.6393,573.69,79.53568,22.65868,79.45806,22.82361,0.028,1.0,,River Water Discharge_Sher at kacchara.xlsx,7,97.62,45.24,2.7
Shindkheda,21.2747,74.7517,SUCCESS,1141.19,386.35,151.0,781.0,630.0,3.7,0.7417,846.45,74.45337,21.11169,74.75167,21.27472,0.004,1.0,,River Water Discharge_Shindkheda.xlsx,2,97.96,44.59,3.52
Shirpur,21.3394,74.89,SUCCESS,744.53,320.34,145.0,813.0,668.0,5.64,0.7557,562.68,74.99944,21.49055,74.89,21.33944,0.005,1.0,,River Water Discharge_Shirpur.xlsx,3,95.7,44.83,4.01
Silgi at kotrai,22.9853,80.5961,SUCCESS,532.02,756.96,512.0,967.0,455.0,7.52,0.6371,338.97,80.80028,23.14057,80.59639,22.98528,0.032,1.0,,River Water Discharge_Silgi at kotrai.xlsx,7,96.78,46.05,1.93
Singavaram,14.5978,78.0133,SUCCESS,6089.28,553.23,256.0,1231.0,975.0,5.39,0.6739,4103.7,77.84821,14.15187,78.01361,14.5975,0.048,1.5,,River Water Discharge_Singavaram.xlsx,47,81.03,41.47,10.76
Sip at dholpur,22.6064,77.1958,SUCCESS,627.68,402.62,273.0,552.0,279.0,4.83,0.6809,427.41,77.09675,22.82297,77.19611,22.60667,0.045,1.0,,River Water Discharge_Sip at dholpur.xlsx,7,98.99,45.17,1.89
Sipu at sipudam(bhakudar),24.3969,72.3014,SUCCESS,1383.28,300.46,156.0,1701.0,1545.0,5.07,0.7029,972.27,72.52534,24.58969,72.3,24.39861,0.245,1.0,,River Water Discharge_Sipu at sipudam(bhakudar).xlsx,13,98.88,46.55,1.84
Sirimoda,18.6203,82.8717,SUCCESS,484.56,1022.36,860.0,1664.0,804.0,14.09,0.5877,284.79,82.89053,18.54531,82.85111,18.655,4.479,1.0,,River Water Discharge_Sirimoda.xlsx,7,98.37,43.09,9.87
Sohagpura,23.9183,74.7003,SUCCESS,232.29,481.4,373.0,543.0,170.0,4.73,0.6166,143.22,74.74275,23.97704,74.70056,23.91861,0.045,1.0,,River Water Discharge_Sohagpura.xlsx,6,98.78,44.97,2.42
Somanpally(seasonal),18.6167,79.8,SUCCESS,13552.16,354.59,115.0,668.0,553.0,2.83,0.669,9066.84,79.13345,18.25192,79.80333,18.61778,0.389,2.0,,River Water Discharge_Somanpally(seasonal).xlsx,59,75.1,45.58,9.17
Songe bange,16.4281,74.2636,SUCCESS,636.13,662.79,541.0,1038.0,497.0,7.43,0.6067,385.95,74.08797,16.26033,74.25889,16.43278,0.737,1.0,,River Water Discharge_Songe bange.xlsx,2,98.15,38.66,10.57
Suddakal,16.5728,78.4233,SUCCESS,2315.57,566.3,429.0,715.0,286.0,2.86,0.6516,1508.79,78.22227,16.86429,78.42278,16.57194,0.111,1.0,,River Water Discharge_Suddakal.xlsx,9,90.78,44.21,9.18
Sundergarh,22.1153,83.3992,SUCCESS,555.06,378.33,232.0,767.0,535.0,7.47,0.6632,368.13,83.52358,22.20699,83.43889,22.06639,6.992,1.0,,River Water Discharge_Sundergarh.xlsx,50,97.07,45.43,2.21
Surubali,20.1697,83.9467,SUCCESS,1083.33,760.12,521.0,1293.0,772.0,13.32,0.6038,654.09,84.07391,20.04874,83.94667,20.17083,0.126,1.0,,River Water Discharge_Surubali.xlsx,3,98.23,43.5,7.79
T. bekkupe,12.5072,77.4281,SUCCESS,3419.37,829.69,609.0,1467.0,858.0,4.53,0.6157,2105.46,77.43656,12.9402,77.42806,12.50722,0.006,1.0,,River Water Discharge_T. bekkupe.xlsx,22,85.75,39.15,10.48
T. narasipur,12.2303,76.8944,SUCCESS,6991.76,797.07,623.0,2036.0,1413.0,5.59,0.6368,4452.45,76.41031,11.92317,76.89417,12.23,0.042,1.0,,River Water Discharge_T. narasipur.xlsx,55,62.79,35.77,9.83
T.k.halli,12.4119,77.1928,SUCCESS,8316.2,785.45,580.0,1337.0,757.0,3.43,0.6466,5377.38,76.90033,12.98026,77.19278,12.41194,0.006,1.5,,River Water Discharge_T.k.halli.xlsx,48,70.15,37.63,9.67
Takali,19.8442,78.6008,SUCCESS,1455.96,305.97,203.0,458.0,255.0,3.87,0.6415,933.96,78.53502,20.0774,78.60056,19.84417,0.027,1.0,,River Water Discharge_Takali.xlsx,8,96.25,46.44,6.9
Talaji   talaja,21.3533,72.0342,SUCCESS,5883.78,135.51,5.0,634.0,629.0,2.9,0.8143,4791.21,71.39048,21.4851,72.04333,21.35889,1.189,1.5,,River Water Discharge_Talaji   talaja.xlsx,1,92.09,42.66,5.42
Talikot,16.4836,76.2844,SUCCESS,2519.66,600.72,501.0,758.0,257.0,2.48,0.6222,1567.65,75.8433,16.71067,76.28278,16.48556,0.282,1.5,,River Water Discharge_Talikot.xlsx,25,91.87,42.03,9.65
Tamar,23.0531,85.6617,SUCCESS,968.7,506.01,220.0,917.0,697.0,7.73,0.6628,642.09,85.42658,22.99137,85.6725,23.01639,4.248,1.0,,River Water Discharge_Tamar.xlsx,1,91.2,45.32,2.32
Tapi at burhanpur,21.2994,76.2354,SUCCESS,9669.82,511.64,202.0,1171.0,969.0,6.98,0.6856,6629.55,77.19252,21.61219,76.235,21.3,0.08,2.5,,River Water Discharge_Tapi at burhanpur.xlsx,45,83.8,45.38,4.9
Tapi at dedtalai,21.5128,76.758,SUCCESS,7275.51,559.52,264.0,1171.0,907.0,7.29,0.6768,4924.2,77.40997,21.6789,76.75639,21.51361,0.2,2.0,,River Water Discharge_Tapi at dedtalai.xlsx,3,88.1,45.35,4.91
Tenduni at maheshwar,22.9792,78.3208,SUCCESS,1702.54,402.33,305.0,709.0,404.0,4.19,0.6579,1120.14,78.4334,23.23693,78.32083,22.97917,0.005,1.0,,River Water Discharge_Tenduni at maheshwar.xlsx,7,96.88,46.27,2.34
Terwad (seasonal),16.6764,74.5742,SUCCESS,2579.5,636.74,525.0,1030.0,505.0,7.32,0.6259,1614.39,74.0871,16.65311,74.57417,16.67667,0.03,1.0,,River Water Discharge_Terwad (seasonal).xlsx,47,98.66,38.31,10.98
Teska,21.8158,77.7744,SUCCESS,1614.56,677.25,462.0,918.0,456.0,4.49,0.6635,1071.21,77.97994,21.70949,77.77472,21.81528,0.068,1.0,,River Water Discharge_Teska.xlsx,22,97.52,45.23,4.74
Thandalaiputhur,10.9911,78.5133,SUCCESS,859.09,384.85,88.0,1378.0,1290.0,8.47,0.7274,624.87,78.51643,11.22629,78.51333,10.99111,0.004,1.0,,River Water Discharge_Thandalaiputhur.xlsx,5,97.17,41.88,15.14
Theni,10.0011,77.485,SUCCESS,1328.53,664.66,285.0,2651.0,2366.0,12.31,0.764,1014.96,77.32234,9.8718,77.48667,10.00278,0.263,1.0,,River Water Discharge_Theni.xlsx,48,89.47,36.92,16.03
Thevur,11.5272,77.7508,SUCCESS,1211.62,344.67,174.0,1637.0,1463.0,5.09,0.6787,822.33,77.98375,11.72098,77.75083,11.52778,0.064,1.0,,River Water Discharge_Thevur.xlsx,27,98.1,39.77,13.01
Thiruvalam,12.9847,79.2672,SUCCESS,2479.63,421.36,184.0,1185.0,1001.0,6.3,0.6607,1638.39,79.04613,13.2768,79.26861,12.98333,0.218,1.0,,River Water Discharge_Thiruvalam.xlsx,8,95.94,43.13,12.76
Thiruvattar,8.3278,77.2669,SUCCESS,600.6,426.91,2.0,1824.0,1822.0,15.39,0.6051,363.42,77.33591,8.42414,77.25,8.32083,2.029,1.0,,River Water Discharge_Thiruvattar.xlsx,7,98.64,37.73,18.4
Thoppur,11.9383,78.0572,SUCCESS,339.94,583.21,329.0,1637.0,1308.0,11.42,0.6354,216.0,78.19281,11.95439,78.05722,11.93833,0.004,1.0,,River Water Discharge_Thoppur.xlsx,25,98.68,41.77,14.66
Thottathinkadavu,11.3619,76.0019,SUCCESS,188.49,595.29,13.0,2331.0,2318.0,19.92,0.6459,121.74,76.05899,11.4282,76.00194,11.36194,0.007,1.0,,River Water Discharge_Thottathinkadavu.xlsx,7,98.77,36.15,10.93
Thumpamon,9.2278,76.7,SUCCESS,819.72,300.54,2.0,1923.0,1921.0,16.2,0.6248,512.16,76.99045,9.1654,76.6925,9.22028,1.179,1.0,,River Water Discharge_Thumpamon.xlsx,49,98.51,36.64,16.87
Tuichang,23.0344,92.9653,SUCCESS,1622.0,913.46,251.0,1889.0,1638.0,23.79,0.5524,895.98,93.02764,23.37705,92.96472,23.03417,0.069,1.0,,River Water Discharge_Tuichang.xlsx,21,98.68,36.12,4.43
Tuichawng,22.9153,92.5281,SUCCESS,1235.03,269.94,38.0,1112.0,1074.0,17.0,0.6664,823.08,92.63989,22.4578,92.52833,22.91528,0.026,1.0,,River Water Discharge_Tuichawng.xlsx,6,83.49,36.32,4.52
Tulaghat,20.3222,83.6131,SUCCESS,1412.95,565.44,170.0,1324.0,1154.0,13.44,0.624,881.67,83.76419,20.0594,83.59583,20.35139,3.764,1.0,,River Water Discharge_Tulaghat.xlsx,20,97.6,44.04,7.51
V.kallathur,11.4025,78.9297,SUCCESS,1055.72,406.12,96.0,1415.0,1319.0,9.99,0.6927,731.31,78.60311,11.40869,78.92972,11.39889,0.401,1.0,,River Water Discharge_V.kallathur.xlsx,8,90.71,41.89,15.14
Valamuru (pamuleru),17.6331,81.6361,SUCCESS,406.98,719.34,403.0,1357.0,954.0,17.18,0.6169,251.07,81.79697,17.7415,81.63583,17.63306,0.03,1.0,,River Water Discharge_Valamuru (pamuleru).xlsx,9,97.72,44.48,11.41
Valayinkil,8.6764,77.0914,SUCCESS,95.07,465.8,82.0,1705.0,1623.0,18.46,0.5951,56.58,77.13102,8.70466,77.07417,8.68556,2.166,1.0,,River Water Discharge_Valayinkil.xlsx,1,98.08,37.73,18.4
Valigonda,17.3656,79.0322,SUCCESS,6101.54,558.84,298.0,730.0,432.0,3.14,0.6358,3879.51,78.45963,17.33976,79.03222,17.36611,0.057,1.5,,River Water Discharge_Valigonda.xlsx,7,89.67,44.99,9.13
Varanavasi,11.0925,79.085,SUCCESS,480.55,107.66,49.0,527.0,478.0,3.2,0.6097,292.98,78.95481,11.16234,79.085,11.09278,0.031,1.0,,River Water Discharge_Varanavasi.xlsx,8,97.18,41.31,15.8
Veerlapalem,16.6875,79.5461,SUCCESS,673.2,185.82,76.0,447.0,371.0,2.74,0.6206,417.81,79.3859,16.96547,79.55083,16.70222,1.717,1.0,,River Water Discharge_Veerlapalem.xlsx,9,91.88,45.28,10.58
Vellaikadavu,8.4981,77.0125,SUCCESS,308.91,210.99,4.0,1701.0,1697.0,11.8,0.6375,196.92,77.10464,8.59905,77.00472,8.49944,0.876,1.0,,River Water Discharge_Vellaikadavu.xlsx,7,98.7,37.68,18.38
Venganur,11.4431,79.0244,SUCCESS,2965.8,398.74,80.0,1415.0,1335.0,8.79,0.6936,2057.22,78.57612,11.55238,78.99944,11.40722,4.851,1.0,,River Water Discharge_Venganur.xlsx,8,90.26,41.89,15.14
Vikkiralapeta,15.2967,79.9128,SUCCESS,2259.05,132.08,8.0,818.0,810.0,4.2,0.6832,1543.29,79.4889,15.36138,79.91278,15.29806,0.15,1.0,,River Water Discharge_Vikkiralapeta.xlsx,8,96.59,45.79,12.24
Vinchur,20.7172,74.8656,SUCCESS,496.66,466.63,306.0,874.0,568.0,4.16,0.7311,363.09,74.60762,20.74448,74.86444,20.71556,0.223,1.0,,River Water Discharge_Vinchur.xlsx,6,97.28,43.5,5.42
Wankadi,22.8625,74.0003,SUCCESS,113.0,291.7,187.0,400.0,213.0,5.84,0.6478,73.2,74.09656,22.86182,74.00028,22.86306,0.062,1.0,,River Water Discharge_Wankadi.xlsx,1,98.72,45.31,2.77
Warunji,17.2728,74.1647,SUCCESS,1473.97,767.81,543.0,1218.0,675.0,11.24,0.5667,835.29,73.87761,17.36351,74.165,17.27167,0.13,1.0,,River Water Discharge_Warunji.xlsx,60,88.73,38.56,9.44
Zari,19.3947,76.7733,SUCCESS,5869.73,499.6,373.0,936.0,563.0,2.78,0.6535,3835.77,76.03322,19.695,76.77306,19.39444,0.039,1.5,,River Water Discharge_Zari.xlsx,38,94.79,44.63,5.58
