station,file,join_key,n_years,area_km2,mean_elev_m,min_elev_m,relief_m,mean_slope_deg,drain_density,lat,lon,rain_max_mm,rain_min_mm,rain_annual_mean_mm,temp_max_C,temp_min_C,temp_mean_max_C,temp_mean_min_C,n_used,l1,t,t3,t4,Di,is_contributing,region,PC1,PC2,PC3,PC4,PC5
bhamgarh,River Water Discharge_ bhamgarh.xlsx,bhamgarh,7,2280.56,390.94,266,660,3.36,0.6559,21.8436,76.5039,95.6,29.74,835.7697777777776,45.54,4.47,33.202000000000005,19.6612,,,,,,,False,1,1.5717089097861692,-0.6172489407867738,0.2939017665070207,-0.1476776213937212,-0.3852610263335974
sandia,River Water Discharge_ sandia.xlsx,sandia,48,20361.72,462.75,287,925,4.77,0.6743,22.9161,78.3475,86.59,37.75,1262.2826666666665,45.33,2.55,31.7132,18.40253333333333,45.0,9727.693777777777,0.3378623411694401,0.2119989776329467,0.1361650617538597,0.1799353366920475,True,1,0.9481917293442303,-1.6801353356445161,1.0260604785661345,-1.796506800344773,-0.9621796846459898
A.p.puram,River Water Discharge_A.p.puram.xlsx,appuram,14,1302.28,228.22,65,1743,6.03,0.7218,8.9014,77.6486,96.49,23.92,815.785111111111,37.3,17.62,31.960666666666665,23.222,,,,,,,False,3,-0.6329655950089605,2.859778054560692,2.1097844882099284,0.05452665535691821,0.33859556140883007
Abna at khandwa,River Water Discharge_Abna at khandwa.xlsx,abnaatkhandwa,7,270.56,351.95,302,115,2.87,0.6251,21.8133,76.3253,98.0,32.97,767.7402222222222,45.55,4.44,33.20506666666667,19.66733333333333,,,,,,,False,1,2.0817569419287962,-0.7430959896415986,-2.173701216689999,1.3733491252540335,-0.29082749089502546
Adityapur,River Water Discharge_Adityapur.xlsx,adityapur,55,6736.17,310.7,105,856,6.0,0.6639,22.7914,86.1736,92.47,28.47,1393.6317777777776,45.65,3.73,31.6228,20.189066666666665,51.0,2414.023333333333,0.373264030214306,0.2180457448744234,0.0970870806787354,0.1762206921109012,True,1,0.8319236199093867,-0.11057473796251963,0.31751272150295085,-1.688541191714563,-0.8579071219275459
Adkasthala,River Water Discharge_Adkasthala.xlsx,adkasthala,7,242.73,115.02,44,327,8.54,0.5761,12.675,75.115,98.92,61.5,3616.6157777777776,36.33,11.31,29.35813333333333,19.77733333333333,,,,,,,False,3,-2.499409020822415,1.1154035437773189,-3.20873344041716,-1.4642900924149704,-1.4433956920844837
Akkalpada,River Water Discharge_Akkalpada.xlsx,akkalpada,6,1451.45,555.26,354,883,6.03,0.7357,20.9347,74.4661,94.31,20.51,583.3951111111112,43.6,4.92,33.09493333333333,19.68733333333333,,,,,,,False,1,1.3907840843319481,-0.8368169623810487,1.4072765121085176,0.24328340423394276,1.405885921722414
Akkihebbal,River Water Discharge_Akkihebbal.xlsx,akkihebbal,24,5273.59,943.0,754,1113,4.95,0.6081,12.5986,76.4006,68.39,15.38,873.0664444444442,36.28,9.69,28.689333333333337,18.39746666666667,15.0,824.4853333333333,0.4813056248885309,0.2971836083068476,-0.0190870614600703,1.584617524543689,True,2,-2.6979252775043965,-3.3352004354304414,1.5529725392240878,0.5068300532103691,-0.9779114222103531
Alandurai,River Water Discharge_Alandurai.xlsx,alandurai,9,108.77,707.31,438,1534,14.7,0.7086,10.9519,76.7853,93.41,28.14,621.3180000000001,35.28,13.03,28.53546666666667,19.386133333333333,,,,,,,False,2,-3.094201487109845,-0.6409975709107835,0.8871253234060168,0.44209794601678004,2.851957033207216
Alladupalli,River Water Discharge_Alladupalli.xlsx,alladupalli,41,9004.45,283.93,133,781,4.18,0.7253,14.7172,78.6686,78.3,24.17,652.3264444444445,44.14,11.9,33.999066666666664,22.67306666666667,35.0,1320.509142857143,0.3821595347473181,0.3427079927459076,0.2219914353998029,0.1302081699171575,True,1,1.927040063961708,1.6316866774838719,2.2589637971256016,0.33768495976988927,-0.4235563891677117
Allam vari ghanapur,River Water Discharge_Allam vari ghanapur (1).xlsx,allamvarighanapur1,3,1651.44,206.02,76,413,5.34,0.6765,18.3861,80.3928,98.6,47.59,1262.3935555555556,45.87,9.17,32.81706666666667,21.538666666666664,,,,,,,False,1,1.3613604535305297,1.3046652731386683,-0.396307716477933,-0.25051799911388717,-0.6312855732236426
Allam vari ghanapur,River Water Discharge_Allam vari ghanapur.xlsx,allamvarighanapur,9,29.47,111.66,74,109,4.9,0.6383,18.3378,80.43,98.6,47.59,1262.3935555555556,45.87,9.17,32.81706666666667,21.538666666666664,,,,,,,False,1,1.4643133620653943,1.7052493385186445,-3.5624474137707978,1.3095645389005492,0.2291259506037658
Altuma,River Water Discharge_Altuma.xlsx,altuma,36,971.69,202.39,47,1001,7.97,0.6736,20.9308,85.5192,91.77,33.43,1444.5415555555555,45.4,6.16,32.367466666666665,21.109333333333336,29.0,515.2524137931035,0.3168429381400323,0.2299620787163857,0.2204058290032002,0.4385718912124322,True,1,0.6032851760314251,1.2258357311358687,-0.2946858007947944,-1.1411080749464941,0.07739087319253775
Ambaliyara,River Water Discharge_Ambaliyara.xlsx,ambaliyara,1,1026.47,172.54,68,310,3.83,0.646,23.2094,73.0336,98.54,44.62,718.8186666666667,44.53,2.89,32.63773333333333,19.287066666666668,,,,,,,False,1,2.049715470362872,-0.1746903112678631,-0.9519084130058882,-0.559363546757497,-0.17401093767228384
Ambarampalayam,River Water Discharge_Ambarampalayam.xlsx,ambarampalayam,48,941.97,677.92,221,2287,11.57,0.6464,10.6314,76.9461,95.61,18.39,1031.5373333333334,36.93,13.51,29.851866666666663,20.170800000000003,43.0,256.74511627906975,0.7671406815123686,0.7933157637915926,0.6600973078830632,3.1875166918395563,False,3,-2.8624658940541585,0.14644782574196355,1.3166835917307438,-0.44198590989075115,0.5410767418502969
Ambasamudram,River Water Discharge_Ambasamudram.xlsx,ambasamudram,27,707.22,674.05,300,1602,15.2,0.6589,9.9256,77.5117,98.81,30.76,935.635777777778,36.88,16.84,31.362,22.525466666666663,18.0,64.00333333333333,0.5079188073333601,0.3709113253448058,0.1742382584744044,0.1696343555293165,True,3,-2.776295832215814,1.355079200801212,1.5086694148804882,1.076049921384635,0.742132801268259
Anantharam,River Water Discharge_Anantharam.xlsx,anantharam,8,2634.32,386.6,226,417,2.64,0.702,17.4469,79.4097,89.16,27.75,801.1186666666667,45.61,9.54,33.49106666666667,21.83653333333333,,,,,,,False,1,1.943969725876711,0.6697452318787819,0.7615797052148534,0.7669275754203729,-0.42153516085358594
Anantwadi,River Water Discharge_Anantwadi.xlsx,anantwadi,8,1989.68,415.68,252,324,4.67,0.6629,19.8461,77.8672,91.67,39.82,949.2337777777776,45.93,6.61,33.6264,20.48626666666667,,,,,,,False,1,1.7161758333652033,-0.1257150730698654,-0.23240509603952822,0.5261410782302005,-0.5415163641816667
Ankushapur,River Water Discharge_Ankushapur.xlsx,ankushapur,5,21.59,301.46,206,381,14.51,0.7434,16.3528,79.6381,97.33,37.51,1006.1104444444449,45.87,9.25,33.5644,21.704933333333337,,,,,,,False,1,0.7695609786047761,1.8577799939180422,-1.6553712057472387,1.2903098370324946,3.021104380840062
Ankushapur,River Water Discharge_Ankushapur_2.xlsx,ankushapur2,8,2447.02,263.48,176,472,2.73,0.6448,18.3528,79.6381,97.33,37.51,1006.1104444444449,45.87,9.25,33.5644,21.704933333333337,,,,,,,False,1,1.5914123120310308,0.937332588964256,0.08012291986947756,0.41019546713068855,-1.242884913674525
Arangali,River Water Discharge_Arangali.xlsx,arangali,48,1333.83,712.08,1,2389,14.95,0.618,10.2861,76.3222,98.66,43.44,2207.6782222222228,35.32,13.05,28.564666666666664,19.40386666666667,32.0,672.2990625,0.1851954446096264,0.1715199018837799,0.1560029311777157,1.0234459034004235,True,3,-4.279505660048487,0.32640835892433123,0.3842766158735327,-2.020914719507844,-0.034601319697251325
Arkkannur,River Water Discharge_Arkkannur.xlsx,arkkannur,7,258.65,108.37,32,398,9.12,0.6276,8.8725,76.8467,98.59,45.82,2132.8453333333337,36.06,17.48,30.898800000000005,22.825333333333333,,,,,,,False,3,-1.9547924186491912,2.973593302299223,-1.5463473929876983,0.09580804800563493,-0.895862469712375
Arni,River Water Discharge_Arni.xlsx,arni,8,1321.74,389.37,290,266,3.92,0.6969,20.0619,77.9486,97.87,34.07,887.4662222222223,45.93,6.05,33.479733333333336,20.2832,,,,,,,False,1,2.1008733339018293,-0.2710744455116178,-0.34448704225574783,0.5964982361758832,0.017045212497468792
Aruvipuram,River Water Discharge_Aruvipuram.xlsx,aruvipuram,7,347.38,222.27,15,1831,12.53,0.6066,8.42,77.0925,98.64,37.34,1579.5035555555555,37.73,18.4,32.56013333333333,23.919733333333333,,,,,,,False,3,-2.366757327085952,3.7071483000397554,0.20650853207104883,0.3688550542716696,-0.5004486878171597
Asegaon,River Water Discharge_Asegaon.xlsx,asegaon,1,86.36,410.8,382,64,3.58,0.5993,19.3,76.8417,97.64,37.71,866.8211111111113,44.97,5.59,33.42786666666667,19.8048,,,,,,,False,1,1.7135319988822062,-0.7912086941530162,-3.2676155667395745,2.3237404566102837,-0.3244705233463328
Ayoor,River Water Discharge_Ayoor.xlsx,ayoor,1,178.28,118.07,40,390,9.31,0.6196,8.8919,76.8664,98.59,45.82,2132.8453333333337,36.11,17.51,30.954666666666665,22.862,,,,,,,False,3,-2.0483680207695047,2.9984936520320233,-1.7615691107778666,0.2718260578477596,-0.8247853932770297
Balasamudram,River Water Discharge_Balasamudram.xlsx,balasamudram,6,87.19,1176.75,323,1791,21.9,0.5295,10.4256,77.5339,98.81,17.46,1019.892222222222,37.77,13.44,30.524800000000003,20.570666666666668,,,,,,,False,2,-4.9895263064066055,-0.4065064838380209,-0.23091582015648246,1.6957574072885808,1.102345747517581
Bamnia,River Water Discharge_Bamnia.xlsx,bamnia,20,477.95,428.38,353,178,3.9,0.6569,23.0997,74.7886,98.4,31.54,874.8908888888889,45.12,2.48,32.59,19.000400000000003,,,,,,,False,1,1.752765956161047,-1.3756925558037807,-1.5919916605034565,0.6245337535734107,0.13295915300355957
Bamnidhi,River Water Discharge_Bamnidhi.xlsx,bamnidhi,55,3979.02,401.14,194,855,5.89,0.661,21.9,82.7133,95.55,49.02,1434.5397777777778,45.47,4.07,31.764666666666667,19.444266666666667,53.0,2761.5279245283023,0.4505994199567919,0.3661336067369647,0.1344085563447807,0.4440179762280919,True,1,0.5943500845609399,-0.6098707574505791,0.10075601611626007,-1.374693090819619,-0.6029720408160195
Baronda,River Water Discharge_Baronda.xlsx,baronda,49,3406.8,469.95,260,703,5.83,0.6856,20.9106,81.8872,98.06,39.32,1322.3455555555556,46.11,5.5,32.443066666666674,19.866,42.0,1594.0311904761904,0.4699720014965379,0.4015347024911369,0.2174019902617428,0.1241992958783119,True,1,0.9335711119843001,-0.515644733076163,0.31225317301885575,-0.6695875805625412,-0.30262963420791683
Bayyaram,River Water Discharge_Bayyaram.xlsx,bayyaram,6,2024.13,245.32,155,424,3.13,0.637,17.5681,80.0875,97.28,38.84,1087.5475555555556,45.71,10.18,33.427466666666675,22.15213333333333,,,,,,,False,1,1.3915901829455741,1.2587913280103833,-0.1601846126381031,0.5377977372417223,-1.387468422426205
Belkhedi,River Water Discharge_Belkhedi.xlsx,belkhedi,49,1600.3,561.05,339,559,5.48,0.6519,22.9289,79.3403,95.5,45.32,1209.3624444444445,45.24,2.7,31.68919999999999,18.589066666666664,45.0,1844.0893333333331,0.4642361373803161,0.3550523046819982,0.1839396657374496,0.0571733371696243,True,1,0.5661472457931109,-1.6785720360753418,-0.4695036686846846,-0.5523160781581522,-0.1630413992880969
Belkund at ghughra,River Water Discharge_Belkund at ghughra.xlsx,belkundatghughra,7,532.5,453.08,379,272,5.86,0.7158,23.4864,80.1964,98.81,33.86,1222.4142222222224,46.06,1.91,31.878533333333333,18.40693333333334,,,,,,,False,1,1.4592911891424294,-1.5600588408785037,-1.3004211321728982,-0.2919396157668531,0.9510300234436821
Betmogra,River Water Discharge_Betmogra.xlsx,betmogra,29,2190.24,493.24,352,374,3.57,0.6011,18.7122,77.525,98.94,30.48,889.3404444444446,44.75,7.31,33.2524,20.2344,16.0,528.2462499999999,0.4504007363989809,0.1049357308727468,-0.0268852552526869,1.5503436720139134,True,1,0.9639551151352315,-0.7010351084570847,-0.25970359981435137,0.9440309270564742,-1.3479105123356576
Bettadamane,River Water Discharge_Bettadamane.xlsx,bettadamane,8,273.79,976.82,898,525,9.44,0.6065,13.0692,75.68,98.81,63.06,2113.4455555555555,36.53,10.76,29.47093333333333,19.356933333333338,,,,,,,False,2,-3.6587874084278713,-2.6013559510280935,-1.0433895549035574,1.6935792694885996,-0.25675207656168314
Bhadli,River Water Discharge_Bhadli.xlsx,bhadli,3,1380.16,483.88,236,750,7.1,0.7256,21.8289,75.6122,96.53,31.35,735.1864444444444,45.31,4.51,33.116400000000006,19.47973333333333,,,,,,,False,1,1.5396337414506498,-0.5078745920576176,0.7575305106609649,-0.26065859714140754,1.2091533451071166
Bhakudar (sipu dam),River Water Discharge_Bhakudar (sipu dam).xlsx,bhakudarsipudam,13,1380.94,300.67,167,1534,5.07,0.7032,24.4003,72.3094,98.88,28.32,861.0055555555556,46.55,1.84,32.65546666666666,18.967066666666668,,,,,,,False,1,1.5940175510139618,-0.443206618023371,0.6433960489848141,-1.4346651799362804,0.899816896972812
Bhamragad,River Water Discharge_Bhamragad.xlsx,bhamragad,8,6938.19,408.22,187,738,6.01,0.6461,19.4164,80.5861,94.58,38.33,1407.852666666667,46.32,6.98,32.82706666666666,20.6516,,,,,,,False,1,0.8132860750362552,0.08898514278972731,0.42469377332970176,-0.6646662692291175,-1.2702657485225617
Bifercation of e&w tammileru,River Water Discharge_Bifercation of e&w tammileru.xlsx,bifercationofewtammileru,15,1249.73,138.64,11,425,3.1,0.6807,16.7275,81.0928,97.67,40.96,1024.2226666666666,45.63,11.73,33.1848,22.8532,,,,,,,False,1,1.698822903451627,2.252540426177719,-0.05452661120557696,0.29380692796134045,-0.7435950142034448
Borad at thikri,River Water Discharge_Borad at thikri.xlsx,boradatthikri,7,719.78,295.27,160,678,4.12,0.6826,22.073,75.404,97.92,28.34,782.6633333333333,45.3,4.27,33.07546666666667,19.41173333333333,,,,,,,False,1,1.72941581467757,-0.10917803113016629,-0.12728679630083628,-0.423788124799121,0.5774093591362306
Butaram,River Water Discharge_Butaram.xlsx,butaram,4,16.69,118.85,79,104,5.42,0.6347,18.3533,80.4078,98.71,43.32,1247.8475555555556,45.87,9.17,32.81706666666667,21.538666666666664,,,,,,,False,1,1.3571825140371745,1.753045820391367,-3.8598989547534726,1.5015668557947326,0.4745749047551383
Chakkalakuth,River Water Discharge_Chakkalakuth.xlsx,chakkalakuth,7,218.47,347.43,13,2438,15.07,0.6266,11.2642,76.2386,97.69,47.97,2490.437111111111,36.2,10.84,28.791733333333333,18.8556,,,,,,,False,3,-3.7696383760049472,0.8674133198952687,-0.9676110203785933,-2.4557643425292306,0.7703675095145963
Chakrar at gadasarai,River Water Discharge_Chakrar at gadasarai.xlsx,chakraratgadasarai,7,421.36,867.33,713,329,8.48,0.6583,22.8264,81.3244,98.95,39.8,1308.5897777777782,45.36,3.63,31.8084,18.96506666666667,,,,,,,False,2,-0.217671821740575,-2.6874085987704364,-1.0667158804378805,1.3894281614425779,0.5683327338840478
Chanwada,River Water Discharge_Chanwada.xlsx,chanwada,46,4199.25,192.12,12,800,4.86,0.6964,22.05,73.4653,91.42,26.42,960.3777777777776,45.25,3.62,33.39653333333333,20.251066666666663,,,,,,,False,1,2.0341232606344226,0.5868334177962877,0.5882816547061993,-1.3870930557965062,-0.13373195224016143
Cherpad,River Water Discharge_Cherpad.xlsx,cherpad,1,61.67,532.94,36,1152,24.84,0.6241,9.7025,76.8167,98.95,43.41,3023.2862222222225,36.58,16.81,30.81493333333334,22.310266666666667,,,,,,,False,3,-4.617626390378293,2.8280388407302195,-1.5849711985579287,-0.06415948040289733,1.320198998737605
Chhidgaon,River Water Discharge_Chhidgaon.xlsx,chhidgaon,50,1878.38,508.16,286,543,7.25,0.6675,22.4061,77.3081,97.67,47.36,1127.3173333333334,45.14,1.89,31.899866666666664,18.13266666666667,45.0,2421.8224444444445,0.4468051570246233,0.3565582033422664,0.1703260479880981,0.1343607884624096,True,1,0.7954550421999965,-1.6283085083958746,-0.4122918407653857,-0.9205489682365418,0.21869044980084446
Chikkamalur,River Water Discharge_Chikkamalur.xlsx,chikkamalur,7,6491.39,807.63,612,725,3.25,0.6419,12.5956,77.0567,77.3,23.12,740.5833333333334,37.59,9.65,29.337866666666663,18.484,,,,,,,False,2,-1.4116248933155335,-2.7823998839962125,1.5219289549284223,0.3264486960329354,-0.8350591667403262
Chimthane,River Water Discharge_Chimthane.xlsx,chimthane,6,1113.06,391.26,192,589,3.69,0.7416,21.1775,74.6956,91.65,22.24,587.7551111111111,44.59,3.52,33.392533333333326,19.9256,,,,,,,False,1,2.363923202677872,-0.2567413759341571,0.7680436022605447,-0.08324099832475883,1.2636804103446457
Chinamusi  tumadu,River Water Discharge_Chinamusi  tumadu.xlsx,chinamusitumadu,18,2030.28,107.92,5,647,3.33,0.6113,15.3664,79.9681,94.36,29.06,764.0857777777778,45.79,12.24,34.12199999999999,23.505333333333336,,,,,,,False,1,1.5786139222320943,2.5524463660689443,0.44085740571365806,0.7547153557856002,-1.5927305776692406
Chitrasani -duplicate,River Water Discharge_Chitrasani -duplicate.xlsx,chitrasaniduplicate,27,309.47,351.04,183,631,8.93,0.6634,24.2889,72.4983,97.18,15.8,798.6342222222222,46.55,1.84,32.65546666666666,18.967066666666668,,,,,,,False,1,1.2442130935777975,-0.5140272735957798,-0.8967048439837778,-0.41236500396458803,1.2294855533293534
Chitrasani,River Water Discharge_Chitrasani.xlsx,chitrasani,3,309.47,351.04,183,631,8.93,0.6634,24.2889,72.4983,97.18,15.8,798.6342222222222,46.55,1.84,32.65546666666666,18.967066666666668,,,,,,,False,1,1.2442130935777975,-0.5140272735957798,-0.8967048439837778,-0.41236500396458803,1.2294855533293534
Choral at barwah,River Water Discharge_Choral at barwah.xlsx,choralatbarwah,7,605.96,463.7,172,685,7.35,0.6357,22.2458,76.0511,98.47,32.92,863.6571111111108,45.15,2.72,32.67573333333334,18.721866666666667,,,,,,,False,1,0.8324327848590745,-0.8107065459540086,-0.6131803872492311,-0.4331682453312666,0.47345704811190764
Collem,River Water Discharge_Collem.xlsx,collem,10,110.59,475.68,74,761,14.36,0.6185,15.3386,74.2483,98.73,65.62,2603.9744444444445,37.18,11.89,31.21586666666666,21.550666666666665,,,,,,,False,3,-2.850443350442446,1.7315317536176296,-1.746004383096683,-0.18676501625155023,0.3156743158603163
Dabri,River Water Discharge_Dabri.xlsx,dabri,18,371.45,459.41,365,184,3.65,0.6527,23.1758,74.9319,98.61,34.36,885.6346666666666,45.32,2.94,32.427466666666675,18.697466666666667,,,,,,,False,1,1.6095571490843688,-1.5178237930279492,-1.7038825968269515,0.672396830364974,0.1928509630422602
Dameracherla,River Water Discharge_Dameracherla.xlsx,dameracherla,58,11800.71,431.85,53,677,2.75,0.6525,16.7392,79.6697,84.24,24.08,760.0115555555554,45.12,9.51,33.328399999999995,21.626266666666663,48.0,1090.459375,0.6051708232551397,0.5404518456146337,0.3374702032407747,0.4910726515056483,True,1,1.5429423056991114,0.7024086422785143,1.5204833482704578,-0.04201630804643755,-1.4561056328558601
Datuni at dudwas,River Water Discharge_Datuni at dudwas.xlsx,datuniatdudwas,7,599.39,396.94,284,364,5.11,0.6594,22.5672,76.6883,98.21,38.39,1047.4773333333333,45.64,2.52,32.54866666666666,18.4356,,,,,,,False,1,1.3738421591448904,-1.1806711183987155,-1.2224301169025575,-0.2717512073162632,0.2794069088792153
Deb at khajuri,River Water Discharge_Deb at khajuri.xlsx,debatkhajuri,7,647.73,352.44,177,609,4.79,0.7116,21.9708,75.2578,96.26,29.51,706.7251111111112,45.31,4.51,33.116400000000006,19.47973333333333,,,,,,,False,1,1.8873415760291947,-0.16412373337133954,0.09331264721813579,-0.21037141142436178,1.0923123775337826
Denwa at matkuli,River Water Discharge_Denwa at matkuli.xlsx,denwaatmatkuli,7,848.42,672.74,391,937,10.31,0.6517,22.5856,78.4594,97.77,52.22,1484.8588888888892,45.2,2.3,31.55013333333333,18.1232,,,,,,,False,1,-0.4706740687185675,-1.862943730786558,-0.5468747610357185,-0.7450636332805863,0.6184546918499708
Dhadgaon,River Water Discharge_Dhadgaon.xlsx,dhadgaon,6,318.51,669.1,325,975,13.75,0.6954,21.825,74.2239,95.1,23.31,712.978,44.59,3.51,33.3952,19.93293333333333,,,,,,,False,1,0.29917728204050215,-0.5756888224465958,0.32155233200950595,0.5757586864234967,2.187485679350105
Dhariawad,River Water Discharge_Dhariawad.xlsx,dhariawad,35,1338.35,439.04,214,375,4.29,0.6417,24.0864,74.4756,95.65,39.81,803.0753333333333,45.92,2.71,32.36639999999999,18.90613333333333,24.0,351.74583333333334,0.5732204320375024,0.4203670290388369,0.2870076241142879,0.4257206164191897,True,1,1.5482078781345538,-1.1608195439281945,-0.6245692928064984,-0.21258428116095474,-0.2042248964019583
Dhule,River Water Discharge_Dhule.xlsx,dhule,7,2243.23,490.12,243,994,5.2,0.7438,20.9269,74.7994,88.62,22.11,588.8102222222223,43.58,5.07,33.06373333333333,19.59186666666667,,,,,,,False,1,1.6257779935735566,-0.5238779864051544,1.6439255214800974,-0.3112836535037239,1.2640131860357444
Dindori,River Water Discharge_Dindori.xlsx,dindori,38,2509.82,834.28,650,497,7.36,0.6559,22.9478,81.0761,98.82,35.79,1327.4891111111112,45.34,3.6,31.798933333333327,18.9492,29.0,1762.0472413793102,0.3329641134239312,0.2918099481195577,0.1923071829668216,0.2237824465393902,True,2,-0.07814379419373327,-2.684050494218585,-0.01947975251225355,0.5841142372377992,-0.24195366936104024
Dipuru,River Water Discharge_Dipuru.xlsx,dipuru,8,858.14,141.57,46,868,3.99,0.6879,14.6186,79.5608,98.93,35.27,810.7157777777777,45.35,13.87,33.75293333333333,23.398933333333336,,,,,,,False,1,1.4283244001305144,2.7818176048568835,0.8093573248230547,0.6656138511784978,-0.2065705211508279
Doddipadu,River Water Discharge_Doddipadu.xlsx,doddipadu,12,3438.27,423.51,286,388,3.5,0.6674,15.74,78.0081,96.72,25.46,573.0286666666667,43.75,9.92,33.541866666666664,21.761466666666664,,,,,,,False,1,1.6324598029912119,0.3299451051595753,1.0424498092266716,1.2898985099527631,-0.6760326460315009
Dudhi at panagar,River Water Discharge_Dudhi at panagar.xlsx,dudhiatpanagar,7,924.3,523.92,327,885,8.07,0.6786,22.8369,78.6028,97.56,47.23,1251.396,45.2,2.3,31.55013333333333,18.1232,,,,,,,False,1,0.26875135907649433,-1.526920544164357,-0.35014750032632,-1.0346095166175988,0.7740272481252235
Elunuthimangalam,River Water Discharge_Elunuthimangalam.xlsx,elunuthimangalam,28,3528.18,368.73,135,1837,3.73,0.6756,11.0317,77.8875,67.71,19.0,673.4537777777776,37.54,11.73,29.8508,19.65866666666667,19.0,65.47999999999999,0.3371289657660751,0.1620485496774174,0.1137261888325501,0.3907288034780624,True,1,-0.8464025034638767,0.07764263883005797,1.9606729501492752,-1.2205495803118813,-0.11236799320182697
Errakalva    ananthapalli,River Water Discharge_Errakalva    ananthapalli.xlsx,errakalvaananthapalli,21,2013.65,163.12,33,725,4.31,0.6715,16.9806,81.4592,96.62,40.03,1110.5784444444444,44.58,11.48,32.40266666666666,22.3064,,,,,,,False,1,0.9224623734360292,1.9081545418129902,0.38990734046754677,-0.34545561941304387,-0.8080387517693969
Fekoghat,River Water Discharge_Fekoghat.xlsx,fekoghat,38,905.64,101.09,43,379,3.16,0.6444,22.3086,86.9164,98.95,41.56,1406.2184444444445,46.42,5.06,32.065733333333334,20.97093333333333,,,,,,,False,1,1.5168467580798963,0.8702546119274025,-1.4000682865359162,-0.8125804030728452,-0.8944345588232373
Gagadio   sanaliya,River Water Discharge_Gagadio   sanaliya.xlsx,gagadiosanaliya,1,393.49,130.34,81,128,3.16,0.8252,21.5494,71.4239,97.75,22.78,560.05,42.8,5.38,33.08786666666667,20.844800000000003,,,,,,,False,1,3.5111001195769873,0.9011179635367149,-0.40322870705570224,0.2944563925389124,2.1179746316160224
Bamrul,River Water Discharge_Bamrul.xlsx,bamrul,2,1013.62,386.25,245,703,4.93,0.7279,20.6625,75.2703,96.61,32.31,724.1568888888888,44.52,5.76,33.17386666666667,19.55,,,,,,,False,1,1.6988907745623119,-0.230048169100248,0.6205899794877313,-0.1424113139214064,1.0899430434046826
Daredu,River Water Discharge_Daredu.xlsx,daredu,6,2904.13,248.7,118,632,3.82,0.6432,17.3794,80.1303,96.4,43.46,1088.5286666666666,45.75,10.4,33.296800000000005,22.230533333333334,,,,,,,False,1,1.200087430622116,1.417282966017644,0.3499098241514413,0.16377462793531006,-1.3172402103955048
Degloor,River Water Discharge_Degloor.xlsx,degloor,39,1977.22,500.44,355,334,3.72,0.6113,18.5456,77.5775,96.32,33.98,896.6286666666668,44.8,7.47,33.15520000000001,20.3824,22.0,597.0331818181818,0.5299831964932807,0.3791873456706305,0.1083622681783845,0.6885537260167967,True,1,1.0078553412928695,-0.6548070503229736,-0.3168918512561958,1.0262467109540905,-1.2161823838659098
Gandlapet,River Water Discharge_Gandlapet.xlsx,gandlapet,39,1470.23,428.22,312,357,3.64,0.6996,18.8211,78.4381,90.61,23.79,913.5755555555556,45.22,8.66,33.14253333333333,20.9028,25.0,445.8944,0.6163572959576675,0.3599079893759357,0.0336782612987229,1.7464314658921731,True,1,1.5839931252597348,0.052291997612201664,0.15233850919448594,0.7695761252056533,-0.1071757381430252
Ganjem,River Water Discharge_Ganjem.xlsx,ganjem,9,898.56,382.68,1,1023,12.25,0.5955,15.4708,74.0992,98.65,49.0,2361.407777777777,37.18,11.89,31.21586666666666,21.550666666666665,,,,,,,False,3,-2.5125535376548727,1.7222814819656267,-0.7184201361468907,-0.9480572555675254,-0.9529163632810591
Garimillapalli,River Water Discharge_Garimillapalli.xlsx,garimillapalli,9,827.39,210.81,152,350,3.31,0.6857,18.4469,79.7047,98.52,39.69,1129.867777777778,45.89,9.11,33.5316,21.628400000000003,,,,,,,False,1,1.8273312020511363,1.2481650228242618,-0.5755905673084402,0.41079429151896,-0.3690214080710604
Garimillapalli,River Water Discharge_Garimillapalli_2.xlsx,garimillapalli2,3,827.39,210.81,152,350,3.31,0.6857,18.4469,79.7047,98.52,39.69,1129.867777777778,45.89,9.11,33.5316,21.628400000000003,,,,,,,False,1,1.8273312020511363,1.2481650228242618,-0.5755905673084402,0.41079429151896,-0.3690214080710604
Gaur at bhalawara,River Water Discharge_Gaur at bhalawara.xlsx,gauratbhalawara,7,911.54,527.76,388,361,6.16,0.6681,23.1089,79.9883,98.54,42.33,1356.896,46.04,1.95,31.88053333333334,18.4156,,,,,,,False,1,0.8794290558520005,-1.772552460974373,-1.1670648112259816,-0.34450779450708224,0.17418799435558144
Gavachi(ver),River Water Discharge_Gavachi(ver).xlsx,gavachiver,5,2920.32,176.61,4,777,5.46,0.7087,21.2544,73.13,97.67,34.06,1043.2342222222223,44.25,3.68,33.45973333333333,20.28,,,,,,,False,1,1.8925787913216057,0.7699791888878103,0.411962130333111,-1.4231388031180907,0.16219986417410942
Halia,River Water Discharge_Halia.xlsx,halia,42,3398.18,323.92,128,576,3.49,0.6761,16.7882,79.3396,93.34,28.4,704.5724444444445,44.7,10.14,33.40839999999999,21.896,33.0,409.140303030303,0.6651938506684008,0.5886956685436207,0.4252972778611731,1.002682077337839,True,1,1.6403432658670858,1.0535550213796077,1.0490142856713944,0.4399009512143438,-0.6491861438318237
Hamdapur,River Water Discharge_Hamdapur.xlsx,hamdapur,7,2042.91,346.87,214,392,4.22,0.6456,20.6806,78.8511,95.63,45.0,1040.934888888889,46.23,5.69,33.27853333333333,20.37773333333333,,,,,,,False,1,1.5997930590083422,-0.07716655915160987,-0.4129939411442277,0.07876832214319172,-0.8054705109831161
Harur,River Water Discharge_Harur.xlsx,harur,7,102.67,1081.39,456,1181,18.11,0.5984,11.9028,78.33,92.38,32.43,937.3235555555556,41.89,15.14,33.85373333333334,23.3884,,,,,,,False,2,-2.6630464650114485,0.9118777192911303,0.4136023865781837,3.422697792323356,1.1012116276147774
Hathed at misrod,River Water Discharge_Hathed at misrod.xlsx,hathedatmisrod,7,479.23,358.17,291,367,4.65,0.7284,22.6386,77.5594,98.78,53.78,1153.0124444444446,45.14,1.82,31.883066666666668,18.10266666666667,,,,,,,False,1,1.6071477717528693,-1.2410957552805477,-1.0828926705489432,-0.822127273411967,1.1796754470444737
Hemavathy reservoir,River Water Discharge_Hemavathy reservoir.xlsx,hemavathyreservoir,1,1393.32,963.73,876,547,8.0,0.6037,12.822,76.0542,83.22,32.91,1132.7986666666668,36.34,11.0,29.3308,19.5256,,,,,,,False,2,-3.007439087277581,-2.877104634737542,0.3321115896107891,1.7488651759934155,-0.7183516626455199
Hiran at singaldeep,River Water Discharge_Hiran at singaldeep.xlsx,hiranatsingaldeep,7,2830.36,432.61,357,308,4.73,0.7108,23.3861,79.9089,98.81,41.76,1283.6468888888887,45.99,1.97,31.840666666666667,18.3908,,,,,,,False,1,1.6169304830666318,-1.7039565352903878,-0.5552865321960785,-0.8386595350968737,0.05653580578558795
Hogenakkal,River Water Discharge_Hogenakkal.xlsx,hogenakkal,27,1597.28,740.0,257,1130,8.34,0.654,12.1211,77.7819,95.37,29.04,836.9291111111112,39.44,10.69,30.94093333333333,19.941333333333333,18.0,33.84277777777778,0.552751139689587,0.4065787014148641,0.2285617454225214,0.2256831721320406,True,2,-1.3212368385842062,-0.5587880683599592,1.1833378869348872,0.09965421692871157,0.22934441019090054
Hommaragalli,River Water Discharge_Hommaragalli.xlsx,hommaragalli,7,3473.15,795.1,623,1413,7.18,0.6276,12.1142,76.4631,67.85,24.14,1340.69,35.78,10.15,28.3472,18.353066666666663,,,,,,,False,2,-3.1496759378564545,-2.4886038370236436,1.0629013494114057,-0.4912265496440756,-0.6444152490953353
Indra at khapriya,River Water Discharge_Indra at khapriya.xlsx,indraatkhapriya,7,477.13,338.36,283,367,3.88,0.7265,22.5722,77.4817,98.16,45.95,1161.433111111111,45.14,1.82,31.883066666666668,18.10266666666667,,,,,,,False,1,1.6837660156200196,-1.2074634108947695,-1.1159296904395464,-0.8589214525448896,1.0795477122785468
Jamner at sandalpur,River Water Discharge_Jamner at sandalpur.xlsx,jamneratsandalpur,7,595.66,377.23,275,304,4.87,0.6933,22.5775,76.9714,98.99,45.1,1079.176888888889,45.61,2.51,32.52053333333333,18.421333333333333,,,,,,,False,1,1.6898068096525767,-1.1072246868814306,-1.2066704198646314,-0.37536222189858437,0.6151288144883978
Jannapura,River Water Discharge_Jannapura.xlsx,jannapura,8,770.16,1039.88,924,943,5.53,0.6163,13.0564,75.9614,92.35,28.76,900.6306666666666,36.58,10.73,29.477200000000007,19.33213333333333,,,,,,,False,2,-2.8869258993887277,-3.1178673778238792,0.8975257661383672,1.977033179887689,-0.16711565687919738
Jannepally,River Water Discharge_Jannepally.xlsx,jannepally,8,608.05,419.49,342,287,3.78,0.7416,18.8136,78.0633,98.93,34.46,909.2846666666668,45.22,8.66,33.14253333333333,20.9028,,,,,,,False,1,1.8459107258837328,0.14849865993046746,-0.14341519035630057,1.0015392434135455,0.7549933094270129
Jaraikela,River Water Discharge_Jaraikela.xlsx,jaraikela,54,11489.17,541.21,198,890,6.06,0.6323,22.3261,85.08,80.78,33.91,1368.2802222222222,45.21,2.02,31.35933333333333,19.397866666666665,50.0,3035.3956000000007,0.4006431857729862,0.3210876497977389,0.2195085247463896,0.0350903912859958,True,1,0.336555974360729,-1.3119401692281216,0.497619192054154,-1.5362449931534126,-1.2309337208249764
Jeeraguda,River Water Discharge_Jeeraguda.xlsx,jeeraguda,7,2045.8,807.18,542,1122,8.16,0.6078,18.9492,82.4061,96.55,40.19,1396.9655555555553,43.08,9.81,31.862,21.90026666666667,,,,,,,False,2,-1.482785157221222,-0.6594554279624568,0.7512444953587631,1.2149990082202053,-1.0246767455280676
Jotasan,River Water Discharge_Jotasan.xlsx,jotasan,28,2008.59,626.97,285,893,12.89,0.6535,24.3556,73.1681,87.0,23.47,692.6464444444445,45.32,1.52,32.13986666666667,18.4256,,,,,,,False,1,0.3214993138434327,-1.6589705830234796,0.4731382988966464,-0.5535431858157589,0.9887958937477683
K.m. vadi,River Water Discharge_K.m. vadi.xlsx,kmvadi,47,1491.33,866.27,768,827,5.21,0.6163,12.3472,76.2922,85.91,21.16,1056.0951111111117,35.85,9.07,28.049066666666665,17.83106666666667,35.0,239.5074285714286,0.3245506955030675,0.3443420399234286,0.2148053685336231,0.5725048371546404,True,2,-2.8957619702608386,-3.3893693214395095,0.45054927983692533,0.3773653364151499,-0.4619780213758379
Kalampur,River Water Discharge_Kalampur.xlsx,kalampur,40,600.31,183.32,3,1173,11.15,0.6172,9.9906,76.6322,98.76,46.95,3018.7211111111114,35.92,15.52,29.921333333333333,21.163733333333333,29.0,415.336551724138,0.2082624667134444,0.2682384833108396,0.1505913222695774,1.5179173646198378,True,3,-3.0559636474885052,2.224779944653104,-0.9752118190039969,-1.5645096177338125,-0.9067964264087925
Kalasapadu,River Water Discharge_Kalasapadu.xlsx,kalasapadu,8,1191.92,380.59,183,694,9.49,0.7408,15.1125,78.9381,97.63,28.34,648.852,44.79,11.91,34.236799999999995,22.93093333333333,,,,,,,False,1,1.4181721644095002,1.8695171742713843,1.4371418903954645,1.1343534843656193,1.0847735930694087
Kalimachak at charuwa,River Water Discharge_Kalimachak at charuwa.xlsx,kalimachakatcharuwa,7,286.94,397.5,280,376,6.46,0.6589,22.0736,76.9144,97.97,18.55,1104.519777777778,45.2,3.96,32.5336,19.062933333333334,,,,,,,False,1,0.9699037117864073,-0.6758340577038079,-1.457063353865475,0.0702087927966245,0.5688883726837839
Kallooppara,River Water Discharge_Kallooppara.xlsx,kallooppara,41,709.89,171.79,1,1403,12.27,0.6265,9.4036,76.6503,98.99,40.65,3617.688,36.58,16.81,30.81493333333334,22.310266666666667,35.0,705.3345714285715,0.2704956491593583,0.5047088974966523,0.5498110060868668,3.716476033031185,False,3,-3.046733951342415,2.981478672797194,-0.711237308089254,-1.3328911064302527,-1.0131275354045473
Kalpadai,River Water Discharge_Kalpadai.xlsx,kalpadai,8,129.86,756.14,206,903,12.46,0.6473,11.7872,78.7867,98.42,43.39,924.5333333333332,41.89,15.14,33.85373333333334,23.3884,,,,,,,False,3,-1.1668116461452005,1.9342081464610397,0.3040557188444472,2.357626076112016,0.9679559845126874
Kamalapuram,River Water Discharge_Kamalapuram.xlsx,kamalapuram,35,7313.98,541.28,125,1243,5.71,0.6727,14.5806,78.6778,74.24,21.04,636.3073333333334,41.79,11.31,32.25546666666666,21.305466666666668,25.0,217.4952,0.6622961487579188,0.5657381379595496,0.3458932058531439,0.7641975589901842,True,1,0.23797256491384547,0.5021717259103547,2.279049561246681,-0.0559030005888829,-0.44873145341286674
Kamarajupeta,River Water Discharge_Kamarajupeta.xlsx,kamarajupeta,4,125.97,188.41,78,565,8.16,0.6123,17.3072,81.9153,96.95,39.34,1092.5255555555557,44.48,11.41,32.285066666666665,22.2324,,,,,,,False,1,-0.03947088229903153,2.0304276215271755,-1.4088985044646531,0.6778444008722128,-0.04973400807320395
Kanas (s),River Water Discharge_Kanas (s).xlsx,kanass,1,1191.54,36.3,1,296,2.6,0.672,20.0039,85.6436,96.16,44.66,1393.7797777777778,42.61,7.99,31.764266666666668,21.40333333333333,,,,,,,False,1,1.2505500448225557,1.4409381611394865,-1.1005327784108623,-0.8151754433636685,-0.9230655584125017
Kaner at mendhikheda,River Water Discharge_Kaner at mendhikheda.xlsx,kaneratmendhikheda,7,1020.09,440.45,209,551,6.08,0.631,22.4086,76.2197,97.46,29.32,871.6715555555558,45.31,2.78,32.595466666666674,18.54093333333333,,,,,,,False,1,1.0569650861574564,-1.0749853006171228,-0.6148507701526963,-0.43288846938367675,0.017005160459783168
Kanodar,River Water Discharge_Kanodar.xlsx,kanodar,1,221.12,237.96,164,593,4.16,0.7195,24.0739,72.3939,98.92,20.5,710.3357777777777,46.55,1.84,32.65546666666666,18.967066666666668,,,,,,,False,1,2.2375191199888964,-0.29270075334751233,-0.6813061767325677,-0.5523683928775183,1.6874935584374273
Karam at dahiwar,River Water Discharge_Karam at dahiwar.xlsx,karamatdahiwar,7,655.0,471.98,166,704,7.55,0.6618,22.2229,75.5309,98.75,43.4,861.759111111111,45.2,2.37,32.74066666666666,18.8676,,,,,,,False,1,1.0171325434996537,-0.7406958377381418,-0.385543716422708,-0.5260060166238419,0.7939895340903393
Karanjkuwa,River Water Discharge_Karanjkuwa.xlsx,karanjkuwa,6,158.52,412.82,205,526,7.98,0.7208,21.3536,74.2017,98.48,21.25,590.5268888888888,44.6,3.51,33.39373333333333,19.9272,,,,,,,False,1,1.6823192709645365,-0.009634007234402017,-0.34537850200639925,0.504398855066843,2.195925756692917
Karoti,River Water Discharge_Karoti.xlsx,karoti,3,482.13,363.94,235,1466,6.5,0.7136,24.5933,72.5633,97.88,16.57,728.9344444444445,46.55,1.84,32.65546666666666,18.967066666666668,,,,,,,False,1,1.4547938399834202,-0.5715897404179784,0.4374798829927073,-0.8412523651000451,1.7290610810056106
Katangatola,River Water Discharge_Katangatola.xlsx,katangatola,7,824.72,583.66,441,464,5.75,0.6481,22.5178,80.4067,97.22,35.43,1432.8495555555558,45.45,3.31,31.98173333333333,18.765733333333333,,,,,,,False,1,0.3873558185911428,-1.7057411257396224,-1.0010477962825355,-0.012657966168558379,-0.10682947288371747
Kattaleru   tiruvuru,River Water Discharge_Kattaleru   tiruvuru.xlsx,kattalerutiruvuru,16,314.13,144.49,82,207,3.18,0.7004,17.0925,80.6156,96.99,45.8,1047.6646666666666,45.84,10.9,32.995333333333335,22.410266666666665,,,,,,,False,1,1.9703789994050493,1.915735659418753,-1.2049396763349396,0.8455487731644108,-0.02110500314115689
Keesara,River Water Discharge_Keesara.xlsx,keesara,61,3602.28,118.89,24,771,3.48,0.6687,16.7147,80.3203,92.27,29.74,1018.416,45.8,11.3,33.1224,22.649066666666663,53.0,2207.805283018868,0.4846934103378733,0.3040321880575728,0.0714682513358494,0.536819419625512,True,1,1.4799326021071608,2.087180153677228,0.7538203841505445,-0.2844072391079509,-1.14287211992872
Kelo at raigarh,River Water Discharge_Kelo at raigarh.xlsx,keloatraigarh,31,1199.19,331.62,202,565,5.98,0.6491,21.8911,83.3992,97.07,35.42,1408.351777777778,45.46,2.58,31.755466666666663,19.39653333333333,,,,,,,False,1,0.7585738718886679,-0.592762755301816,-0.9475544508213678,-1.0419623485428786,-0.28653443992665406
Kesrali,River Water Discharge_Kesrali.xlsx,kesrali,1,2671.01,475.4,337,389,3.46,0.6035,18.6611,77.6792,98.94,30.48,889.3404444444446,44.74,7.35,33.23040000000001,20.268,,,,,,,False,1,1.0112396780345478,-0.6408117561684823,-0.14143605391129446,0.8184221095696996,-1.414006134754697
Khadakewada,River Water Discharge_Khadakewada.xlsx,khadakewada,2,699.23,654.87,539,499,7.06,0.6134,16.4125,74.3139,98.15,30.1,1479.1162222222224,38.68,10.55,31.4224,20.881066666666666,,,,,,,False,2,-1.6403385471149765,-0.6848689619968381,-0.4926534429106952,1.2446677851125068,-0.787054440063037
Khadka,River Water Discharge_Khadka.xlsx,khadka,8,4759.98,367.49,238,331,3.25,0.6522,19.9103,78.1853,90.26,40.44,960.4924444444446,46.08,6.35,33.567466666666675,20.42253333333333,,,,,,,False,1,1.9248018406430742,-0.22804830771390927,0.03370476062604521,0.20789841013102262,-1.1834973786434828
Khandiovari,River Water Discharge_Khandiovari.xlsx,khandiovari,7,1295.97,474.9,266,678,10.24,0.6744,24.0114,73.6642,98.51,31.15,640.0037777777777,45.17,1.75,32.18760000000001,18.508133333333333,,,,,,,False,1,0.9915888574628716,-1.332344607703482,0.1762906197795252,-0.5183281096986962,1.1205089846448477
Khanditar,River Water Discharge_Khanditar.xlsx,khanditar,22,14655.05,195.89,2,1177,6.35,0.6723,20.8122,86.1986,92.1,31.48,1428.3371111111112,44.4,6.33,32.197066666666665,20.87906666666667,22.0,32561.95772727273,0.9101538021840826,0.9731461008264176,0.9782153209751644,9.837380044199737,False,1,0.8028975218072186,0.8854653719851872,1.0379840909460258,-2.024705763918403,-1.1842887946554628
Khariya,River Water Discharge_Khariya.xlsx,khariya,5,6178.03,573.6,280,888,7.1,0.6747,21.5961,76.8625,88.1,33.86,1059.1551111111112,45.36,4.88,32.679333333333325,19.58226666666667,,,,,,,False,1,0.7510526466225059,-0.9326618701838153,0.9774772089435033,-0.6059784809683668,-0.2813684456810042
Kheda,River Water Discharge_Kheda.xlsx,kheda,34,3270.83,158.4,6,373,3.53,0.6508,22.7458,72.68,98.54,35.33,743.2586666666666,44.53,3.02,32.73493333333333,19.39840000000001,,,,,,,False,1,2.187733677867778,-0.05170160296761703,-0.30429502838828254,-1.0646773055651064,-0.6323641235626424
Khedbrahma,River Water Discharge_Khedbrahma.xlsx,khedbrahma,1,712.0,386.74,195,653,11.32,0.6876,24.0344,73.0494,98.48,26.43,718.2397777777778,44.97,2.05,32.25333333333333,18.622,,,,,,,False,1,0.978986697237222,-0.7787378634827625,-0.23554996658247704,-0.7349442072824065,1.5041757832148202
Khorsi_balodabazar,River Water Discharge_Khorsi_balodabazar.xlsx,khorsibalodabazar,1,518.02,270.05,232,95,2.8,0.6274,21.6528,82.1922,98.84,48.6,1144.3597777777777,46.13,5.31,32.392,20.04413333333333,,,,,,,False,1,1.8936403956459873,-0.3752869702166999,-2.4951621841382807,0.7171556393395089,-0.972171953575009
Kodaganar dam,River Water Discharge_Kodaganar dam.xlsx,kodaganardam,1,1756.96,399.57,191,1751,6.44,0.7629,10.5931,77.9719,97.91,33.15,731.2197777777777,38.93,14.96,31.958933333333327,22.118,,,,,,,False,1,-0.19454686452550968,1.6389892602039338,2.537483455738619,0.024966452579402908,1.0868991690133423
Kogaon,River Water Discharge_Kogaon.xlsx,kogaon,49,4182.95,370.1,152,834,4.83,0.6894,22.1011,75.6847,96.53,29.03,764.2739999999999,45.33,4.52,33.10106666666667,19.459333333333337,43.0,2135.558139534884,0.4566160601822539,0.3076059490698706,0.1494000022988026,0.0864473449867202,True,1,1.723757470037617,-0.3553931336922547,0.9559382930797778,-0.822870021235796,0.04471226656761488
Kokkedoddy,River Water Discharge_Kokkedoddy.xlsx,kokkedoddy,8,4257.05,804.5,373,1094,5.08,0.6201,12.2961,77.4408,85.75,19.14,797.6668888888889,39.18,10.49,30.5968,19.664,,,,,,,False,2,-1.3694973608418166,-1.3982106697753827,1.5178502407230683,0.2786251751933992,-0.8326845131625104
Kolar at mahgaon,River Water Discharge_Kolar at mahgaon.xlsx,kolaratmahgaon,7,954.18,468.98,291,347,4.65,0.6545,22.7136,77.3664,98.54,38.53,1121.024222222222,45.46,1.86,31.946,18.233866666666664,,,,,,,False,1,1.1687202795480842,-1.6132782844853488,-1.1471744721508872,-0.4847704402745478,-0.010362059311075955
Koli(bk),River Water Discharge_Koli(bk).xlsx,kolibk,8,3100.76,375.01,254,321,3.2,0.6372,20.0414,78.1667,92.59,41.86,946.6173333333334,46.1,6.34,33.57213333333333,20.42826666666667,,,,,,,False,1,1.7992559369072187,-0.2556629575213262,-0.24706476265840854,0.4332579903586491,-1.1864757905295404
Koliari   rampur,River Water Discharge_Koliari   rampur.xlsx,koliarirampur,1,1207.26,251.46,132,539,5.39,0.6217,22.8781,73.8239,98.01,24.59,840.2131111111111,45.27,3.73,33.44626666666667,20.32933333333333,,,,,,,False,1,1.5212647117915714,0.1924384334076106,-0.5116886514638526,-0.167767518357129,-0.4951943131373583
Kondazhy,River Water Discharge_Kondazhy.xlsx,kondazhy,7,1055.11,184.89,25,1591,8.54,0.6333,10.7233,76.4019,97.07,44.29,2158.206666666667,35.28,13.03,28.53546666666667,19.386133333333333,,,,,,,False,3,-2.855764928200265,0.9936343016503868,-0.3388220452364462,-2.448488588637477,-0.6034467156434833
Kothapalle (sileru),River Water Discharge_Kothapalle (sileru).xlsx,kothapallesileru,6,3416.11,729.82,57,1463,15.26,0.6199,17.8253,81.5528,97.43,39.26,1210.4720000000002,43.32,10.87,31.88186666666667,22.2168,,,,,,,False,3,-1.6189261848229695,0.9778757848986812,1.1622272372018538,-0.1268330750724235,-0.3525294835739336
Kottapuram,River Water Discharge_Kottapuram.xlsx,kottapuram,7,97.73,97.3,5,502,10.8,0.6094,10.6778,76.2006,98.24,59.5,2415.9764444444445,35.28,13.03,28.53546666666667,19.386133333333333,,,,,,,False,3,-2.8850399981436206,1.355461321615294,-2.689342633727561,-1.5526878694264645,-0.0749585897398274
Kovvada kalva near dommeru,River Water Discharge_Kovvada kalva near dommeru.xlsx,kovvadakalvaneardommeru,21,334.67,50.2,13,175,2.52,0.7069,17.0181,81.6644,98.3,40.56,975.3522222222224,44.48,11.41,32.28653333333333,22.2336,,,,,,,False,1,1.9677378897180284,2.07679774926544,-1.291797939986578,0.49158105245247,-0.043235919162110434
Kovvadakalva   pragadapalli,River Water Discharge_Kovvadakalva   pragadapalli.xlsx,kovvadakalvapragadapalli,18,1102.64,312.25,2,1031,14.53,0.6308,17.2139,81.5967,95.78,43.94,1162.586888888889,44.48,11.41,32.285066666666665,22.2324,,,,,,,False,3,-0.6639645279187868,2.0171315000887025,0.09900122379212345,-0.29164520353192347,-0.04149899537575348
Koyna,River Water Discharge_Koyna.xlsx,koyna,36,492.87,816.33,568,650,13.66,0.5403,17.4,73.75,97.53,52.78,1570.528222222222,38.29,9.52,30.8384,20.505866666666662,34.0,1079.6608823529411,0.4852077859563598,0.2603838185080206,0.045725117189319,0.6414899410014168,True,2,-3.2199522719441185,-1.1871881121672998,-0.9682968495260406,1.338793390370147,-0.818271825238635
Kudlur,River Water Discharge_Kudlur.xlsx,kudlur,27,735.04,844.44,443,1226,13.45,0.6137,11.8406,77.4628,98.87,29.14,778.8857777777778,38.02,11.23,30.075066666666675,19.6568,17.0,39.462941176470586,0.4785427877234041,0.2492477572888078,0.1747935281763021,0.6295416504332461,True,2,-2.7627561277662336,-1.1881221519071707,0.8176832332757547,0.7371266642617008,0.600307501632128
Kukshi,River Water Discharge_Kukshi.xlsx,kukshi,4,811.26,296.25,150,423,4.52,0.6742,22.2078,74.7836,98.36,29.74,749.0453333333335,45.31,2.77,32.98013333333333,19.606266666666667,,,,,,,False,1,1.9701473951522204,-0.2840490753592888,-0.5152373984520642,-0.26648440360209263,0.39996893036726666
Kundanpur,River Water Discharge_Kundanpur.xlsx,kundanpur,21,4342.02,453.6,261,346,3.9,0.6558,23.3778,74.6067,92.4,31.34,892.9742222222224,45.07,2.56,32.56333333333334,18.87293333333333,,,,,,,False,1,1.6642872056299725,-1.4152170794835437,-0.12980352262528885,-0.42794796210085295,-0.6522026662042825
Kunturla (machkund),River Water Discharge_Kunturla (machkund).xlsx,kunturlamachkund,8,752.69,1090.4,849,781,15.72,0.6084,18.1992,82.6497,98.78,26.86,1020.0455555555556,43.06,10.02,31.84520000000001,21.98493333333333,,,,,,,False,2,-2.38715592126213,-1.661263024281754,0.6282468419295846,2.926226462043272,0.24601101524034302
Kurubhata,River Water Discharge_Kurubhata.xlsx,kurubhata,48,5115.37,458.93,204,943,6.39,0.6703,21.9811,83.2106,88.98,41.95,1476.7917777777775,45.3,2.39,31.662666666666663,19.35266666666667,28.0,1505.671785714286,0.1956610062092638,0.0438151787398223,0.0415679989903622,1.0245307869046936,True,1,0.5547008095403162,-0.9100989244929336,0.2918692051468609,-1.5888640601222475,-0.454730128594172
Lakkavalli,River Water Discharge_Lakkavalli.xlsx,lakkavalli,8,2106.93,912.77,606,1312,11.52,0.5896,13.7064,75.6447,78.24,41.07,1846.9557777777773,36.56,10.74,29.475066666666667,19.341066666666663,,,,,,,False,2,-3.7909497489299633,-1.921152949116074,0.4332030791903196,0.14055934259980798,-0.835284545445877
Lakshmananpatti,River Water Discharge_Lakshmananpatti.xlsx,lakshmananpatti,6,1428.26,431.58,210,1732,7.09,0.7609,10.4981,77.9458,97.91,33.15,731.2197777777777,38.96,15.0,32.004000000000005,22.167466666666662,,,,,,,False,1,-0.3163008377455211,1.603567985773342,2.461142289867044,0.1924412793897266,1.2092926571511877
Lasur,River Water Discharge_Lasur.xlsx,lasur,3,2356.9,653.42,529,993,6.11,0.6351,19.9375,74.025,89.53,34.64,1134.3515555555557,40.44,7.37,32.17653333333334,20.479866666666663,,,,,,,False,2,-0.7794052235294372,-1.0819881944262197,0.807830960969674,0.6016763582440658,-0.6215047629165341
Lohara,River Water Discharge_Lohara.xlsx,lohara,6,2511.5,411.74,241,388,4.09,0.6565,20.8164,76.7639,93.48,42.99,776.7913333333333,45.63,5.77,33.57986666666666,20.15493333333333,,,,,,,False,1,1.8321598203676528,-0.3594150673600541,0.10949218045632399,0.3834454827547103,-0.5252988913133864
Lonkheda,River Water Discharge_Lonkheda.xlsx,lonkheda,6,911.79,333.5,131,861,6.79,0.8003,21.5667,74.4847,94.23,19.11,693.9846666666667,44.6,3.51,33.39373333333333,19.9272,,,,,,,False,1,2.2715675116104657,0.3013482259176742,1.076016504950841,-0.7925222274910049,2.320271224342701
M.h. halli,River Water Discharge_M.h. halli.xlsx,mhhalli,48,3094.91,980.34,839,1028,6.09,0.603,12.82,76.1411,80.07,21.76,1006.4853333333332,36.39,10.57,29.21333333333333,19.16733333333333,36.0,588.6016666666667,0.4442213796729159,0.3661520114850436,0.1864750194378004,0.1166140434702431,True,2,-2.957717953114569,-3.0710127947554633,1.2665508944803905,1.1739130181365791,-0.9345981790045227
Maan at gopalpura,River Water Discharge_Maan at gopalpura.xlsx,maanatgopalpura,7,1001.35,453.51,189,559,6.81,0.6808,22.2615,75.1019,97.99,40.81,851.4935555555555,45.2,2.37,32.74280000000001,18.874133333333333,,,,,,,False,1,1.3664485346212583,-0.8487567629919525,-0.25167845391448224,-0.5322662642411075,0.7212785500752564
Machak at barangi,River Water Discharge_Machak at barangi.xlsx,machakatbarangi,7,510.5,390.63,264,480,6.02,0.6786,22.2169,76.945,98.68,43.63,1132.301333333333,45.16,1.91,31.92973333333333,18.13573333333333,,,,,,,False,1,1.0557300820685862,-1.2215076942592256,-1.1213638589561579,-0.7950082311766332,0.7377756745234711
Pachegaon,River Water Discharge_Pachegaon.xlsx,pachegaon,42,5889.89,680.21,467,1070,6.3,0.6878,19.5353,74.8336,76.13,20.94,591.7411111111112,42.28,5.39,32.51746666666666,18.852,,,,,,,False,1,0.5499444906596737,-1.8633895855342635,1.960549448360801,0.10760802316484054,0.3679259945334653
Padampur,River Water Discharge_Padampur.xlsx,padampur,11,2591.09,287.13,166,842,5.62,0.6679,21.0158,83.1031,93.52,44.22,1273.0368888888886,46.24,5.38,32.45173333333334,19.986666666666668,,,,,,,False,1,1.0559692149411832,0.08177682099100005,0.06654112668752145,-1.0585156887494187,-0.42363234671064776
Palakmati at sohagpur,River Water Discharge_Palakmati at sohagpur.xlsx,palakmatiatsohagpur,7,95.52,381.07,324,221,5.03,0.6831,22.6969,78.2014,97.92,61.58,1379.360888888889,45.2,2.3,31.55013333333333,18.1232,,,,,,,False,1,1.0587544819257648,-1.2546399959066494,-2.6283193541940486,-0.11585022628898796,1.0805221037776227
Paleru bridge,River Water Discharge_Paleru bridge.xlsx,palerubridge,55,2831.59,189.4,72,421,2.52,0.6157,16.9489,80.0492,95.28,30.87,909.3344444444446,45.87,9.76,33.5816,22.137200000000004,47.0,469.2155319148936,0.5706303072546203,0.4758212678089908,0.3085954455963932,0.2876829711070073,True,1,1.6809540772306397,1.390903810561563,-0.06372174969461146,0.4003686835122013,-1.7275589172247185
Pallamala,River Water Discharge_Pallamala.xlsx,pallamala,8,401.43,166.27,27,913,8.88,0.7282,13.7181,79.7925,98.29,49.95,1054.686,44.22,13.68,33.22266666666666,22.974000000000004,,,,,,,False,1,0.6959465160744477,2.9233250361351355,0.4225068743527481,0.19195588644431555,0.951130335907037
Pallippady,River Water Discharge_Pallippady.xlsx,pallippady,7,600.32,183.32,3,1173,11.15,0.6173,10.0394,76.6164,98.76,46.95,3018.7211111111114,35.92,15.52,29.921333333333333,21.163733333333333,,,,,,,False,3,-3.0553207406857528,2.224944966901915,-0.9745762608117436,-1.564840018306596,-0.9055513613933919
Panam at santrod,River Water Discharge_Panam at santrod.xlsx,panamatsantrod,1,1141.48,256.58,141,530,5.55,0.6209,22.8003,73.7872,98.01,24.59,840.2131111111111,45.26,3.69,33.42946666666666,20.30346666666667,,,,,,,False,1,1.4897836312945025,0.15440626671824542,-0.5538736051781786,-0.1301063607204884,-0.4664648549963825
Parmanpur,River Water Discharge_Parmanpur.xlsx,parmanpur,24,3188.07,331.52,193,625,6.64,0.6473,21.7894,84.1061,98.7,47.67,1488.0211111111114,45.56,4.5,32.2972,19.9704,,,,,,,False,1,0.7401696686928397,-0.2095337793074768,-0.3519916488088185,-1.0017608962563815,-0.8145262483169352
Patan,River Water Discharge_Patan.xlsx,patan,47,4387.78,430.0,332,420,4.53,0.7022,23.3117,79.6628,98.81,43.59,1321.7782222222222,45.87,2.07,31.77026666666666,18.36133333333333,35.0,1190.2697142857144,0.2540729981855111,-0.0687348445828141,0.0875205499772631,3.849081297094252,False,1,1.4404505190033683,-1.6660745101149967,-0.20344016946339735,-1.157033597827467,-0.19815925182877467
Pati,River Water Discharge_Pati.xlsx,pati,24,1817.36,456.9,188,833,6.93,0.7044,21.9436,74.7458,96.18,21.33,681.3915555555556,44.76,3.89,33.28853333333334,19.7576,17.0,744.5905882352943,0.5646425117948747,0.4033055290011206,0.0905727758395505,1.128340600227201,True,1,1.52988506082198,-0.35169696058423106,0.8917498127363244,-0.3393322272120327,0.8809525817723943
Pedageddada,River Water Discharge_Pedageddada.xlsx,pedageddada,17,130.5,493.4,217,712,18.25,0.6226,17.4692,81.7342,95.78,43.94,1162.586888888889,44.48,11.41,32.285066666666665,22.2324,,,,,,,False,3,-1.4333514602582205,1.4884150064002706,-0.9946288626832752,1.1296207797651439,1.0547979960945735
Penuganchi prolu,River Water Discharge_Penuganchi prolu.xlsx,penuganchiprolu,5,6799.82,228.43,40,710,3.18,0.6404,16.9072,80.2511,97.44,35.16,1027.7597777777776,45.73,10.38,33.35946666666667,22.23506666666667,,,,,,,False,1,1.4007816976394165,1.5195479320401228,0.8237176467922575,-0.22958051659019849,-1.7052426733351085
Pillaperu riverr   narravada.,River Water Discharge_Pillaperu riverr   narravada..xlsx,pillaperuriverrnarravada,12,772.63,252.92,94,931,7.52,0.6557,14.9289,79.4211,97.99,43.15,761.0917777777777,45.46,13.55,33.8616,23.430266666666668,,,,,,,False,1,0.823304674937169,2.5153192995228397,0.7485733134285136,1.0514420071430846,-0.15228430174642374
Pipriya,River Water Discharge_Pipriya.xlsx,pipriya,7,261.55,527.61,321,464,9.64,0.595,21.3408,80.5547,98.58,39.69,1049.2348888888887,45.9,4.55,32.520533333333326,19.66786666666667,,,,,,,False,1,0.07428957994840155,-0.7429418658566587,-1.5156795216435939,0.6811820374339376,0.1311006350165785
Pookkayam,River Water Discharge_Pookkayam.xlsx,pookkayam,7,180.75,451.8,59,1287,18.52,0.6291,12.4585,75.2763,98.84,78.66,3384.4904444444446,36.33,11.31,29.35813333333333,19.77733333333333,,,,,,,False,3,-4.026836137985814,1.0967389575084427,-1.6429446779236851,-1.7564445150578367,0.7380450458149693
Potteru (potteruvagu),River Water Discharge_Potteru (potteruvagu).xlsx,potterupotteruvagu,28,4544.62,748.36,126,1551,12.09,0.6224,18.1894,81.7981,93.84,38.64,1319.3391111111114,43.13,9.98,31.89266666666666,21.97053333333333,,,,,,,False,3,-1.4166069995342068,0.5398096452005119,1.2864802425124602,-0.19233693751799666,-0.7056467127514418
Prakasha(damarkheda),River Water Discharge_Prakasha(damarkheda).xlsx,prakashadamarkheda,5,1390.23,356.96,112,1084,7.57,0.8073,21.5178,74.3969,93.03,18.02,703.2717777777777,44.6,3.51,33.39373333333333,19.9272,,,,,,,False,1,2.1623476765293783,0.3245297733476833,1.4836445348947978,-1.0520991029024043,2.3533460741879693
Pratappur,River Water Discharge_Pratappur.xlsx,pratappur,9,1874.17,725.05,518,1019,7.89,0.6897,19.5194,74.3828,84.8,22.22,649.5186666666667,41.67,6.03,32.36893333333333,19.252266666666667,,,,,,,False,1,0.017001244797147003,-1.6733785414090772,1.4547673119508382,0.5960810276177568,0.900921406067918
Pudunagara,River Water Discharge_Pudunagara.xlsx,pudunagara,6,255.01,981.04,590,1225,9.72,0.6046,12.0694,77.4094,98.86,26.94,707.4117777777778,38.26,11.1,30.214133333333333,19.684,,,,,,,False,2,-2.7180804026077174,-1.7522713552526696,0.605899326936711,1.696365746797863,0.7285889781335229
Pudur,River Water Discharge_Pudur.xlsx,pudur,41,2792.74,411.32,43,2465,7.71,0.6647,10.7775,76.5122,83.45,27.09,1178.6064444444444,36.24,13.38,29.300666666666665,19.842400000000005,32.0,180.105,0.4675247682579428,0.5090387731725351,0.3067733136201672,0.7033754293815104,True,3,-2.228599043607899,0.6723983267683524,1.5333894997608488,-1.8535826386775658,-0.15207754086048744
Pulamanthole,River Water Discharge_Pulamanthole.xlsx,pulamanthole,40,910.1,304.86,7,2366,12.21,0.6132,10.8981,76.1919,98.1,36.95,1940.115555555556,35.53,12.45,28.60266666666667,19.24706666666667,33.0,662.4812121212121,0.2606821211167566,0.251681465041085,0.202126262488649,0.5954925809749768,True,3,-3.4600876805800134,0.8572474228204818,-0.08760944654264248,-2.423572431220963,-0.2151289471375584
Pullakkayar,River Water Discharge_Pullakkayar.xlsx,pullakkayar,7,103.23,500.29,82,1322,23.2,0.6248,9.5744,76.8861,98.01,35.95,2167.517111111111,36.58,16.81,30.81493333333334,22.310266666666667,,,,,,,False,3,-4.232745369948822,2.6053100568586665,-0.9095219738189173,0.07857776645064511,1.2035019706987178
Rahu,River Water Discharge_Rahu.xlsx,rahu,3,3020.94,659.96,502,825,8.44,0.629,18.5722,74.2736,77.94,25.17,1118.9953333333335,39.14,8.43,31.22426666666666,20.202133333333336,,,,,,,False,2,-1.3728092410062636,-1.1794640501648792,0.7250490650657303,0.38316221477478324,-0.6434945507228348
Rambhapur,River Water Discharge_Rambhapur.xlsx,rambhapur,21,661.86,350.11,244,244,5.02,0.6397,22.9517,74.4511,98.64,36.04,828.1386666666668,45.1,2.45,32.5396,18.923200000000005,,,,,,,False,1,1.6245146598462945,-1.0177583155054557,-1.383215629374197,0.08674644567549715,-0.018465261192224903
Rampur,River Water Discharge_Rampur.xlsx,rampur,55,3646.52,347.3,203,672,5.46,0.6562,21.6472,82.5161,97.57,31.83,1267.497111111111,46.31,5.54,32.48826666666667,20.099066666666666,38.0,1831.9315789473685,0.4540752677393038,0.315424549148304,0.2406935018743397,0.2045126136865404,True,1,1.0464927586595145,-0.16477656919463396,0.05621120581645843,-0.7696318834818958,-0.7845613367364875
Rangeli,River Water Discharge_Rangeli.xlsx,rangeli,46,9335.19,385.34,149,872,6.52,0.6612,23.8722,74.2233,74.79,28.87,699.9028888888888,45.36,2.47,32.3148,18.7612,,,,,,,False,1,1.4349255413089628,-1.0426406868539466,1.0561884894594642,-1.3455618279258232,-0.29368799376051985
Ratanpur,River Water Discharge_Ratanpur.xlsx,ratanpur,35,3099.8,164.86,26,353,3.53,0.6477,22.9756,72.8836,98.54,35.33,743.2586666666666,44.5,2.9,32.662400000000005,19.3036,,,,,,,False,1,2.1527382576219427,-0.1721509144998119,-0.39605693190684327,-1.006489013895845,-0.6481836403737707
Rayachoti,River Water Discharge_Rayachoti.xlsx,rayachoti,6,336.71,508.77,340,740,9.4,0.6909,14.0667,78.7553,97.9,29.47,715.2677777777777,42.02,11.33,32.36626666666666,21.38906666666667,,,,,,,False,1,-0.16259022241772111,0.5635122790799367,0.5074788549569181,1.2215586703353702,1.169216058690624
Sakleshpur,River Water Discharge_Sakleshpur.xlsx,sakleshpur,24,617.73,972.71,889,534,8.71,0.6157,12.9433,75.7939,98.02,38.9,1424.294666666667,36.41,10.87,29.44893333333333,19.43893333333333,15.0,566.8873333333333,0.3485892972434094,0.4716841276313136,0.3866338927411257,1.3311312108396618,True,2,-3.196146937040136,-2.7465530306138004,-0.20463534188153165,1.7672901669113878,-0.29867190042895475
Salebhata,River Water Discharge_Salebhata.xlsx,salebhata,54,4890.97,257.66,125,883,5.23,0.67,20.9831,83.5369,92.12,41.84,1319.210888888889,46.02,5.49,32.470800000000004,20.01613333333333,47.0,2585.517021276596,0.4504188474051303,0.3495516263737917,0.2473447380783907,0.0521089206213412,True,1,1.151457496925841,0.18224500540633076,0.3410892580305572,-1.380430437800822,-0.7314443445252097
Samdoli (seasonal),River Water Discharge_Samdoli (seasonal).xlsx,samdoliseasonal,62,2122.92,666.7,531,578,7.11,0.6324,16.8564,74.4967,97.78,35.25,1237.0977777777778,38.55,10.3,31.268133333333346,20.766800000000003,49.0,1549.10693877551,0.1780722891381087,0.0593919089269776,0.1387974981313423,1.491855386851995,True,2,-1.3977089369519446,-0.9053125789930886,0.3939047819227522,0.9091156075036352,-0.8430645013748274
Sanarpatti,River Water Discharge_Sanarpatti.xlsx,sanarpatti,1,102.54,444.83,306,940,8.48,0.8113,10.2856,78.0961,94.94,40.93,920.104666666667,40.39,16.23,33.76786666666667,24.070533333333334,,,,,,,False,1,0.2063932063234761,2.783062347338146,1.2101844868918075,1.9070737816646188,2.5475137159986394
Saner at chargawan,River Water Discharge_Saner at chargawan.xlsx,saneratchargawan,7,592.68,489.45,346,286,5.76,0.6503,23.0533,79.5992,98.97,37.07,1241.762222222222,45.22,2.69,31.679466666666663,18.5584,,,,,,,False,1,0.7929024798941701,-1.5570417081966113,-1.5519476783644515,-0.11869912677890429,0.05823270390177329
Sangam (murredu),River Water Discharge_Sangam (murredu).xlsx,sangammurredu,10,1699.99,186.36,53,739,5.53,0.6836,17.5936,80.8217,98.83,31.72,1068.2004444444444,45.84,10.9,32.995333333333335,22.410266666666665,,,,,,,False,1,1.2095919992758373,1.9455270521247359,0.435016202540946,-0.14311449724251882,-0.43401141630657064
Sanoor,River Water Discharge_Sanoor.xlsx,sanoor,8,51.36,87.8,38,210,6.92,0.5712,13.1808,74.9944,98.55,57.59,3618.432222222223,36.23,11.06,29.5404,19.5268,,,,,,,False,3,-2.2545915678543387,1.1806962958996123,-4.31353383071594,-0.9551863264002313,-1.0540685088462862
Seedhi,River Water Discharge_Seedhi.xlsx,seedhi,13,1170.88,379.68,37,1458,13.88,0.6503,18.7219,84.0436,98.4,42.65,1043.2177777777777,42.4,9.1,32.1272,22.036400000000004,,,,,,,False,3,-0.8072067431616687,1.585762508863601,0.6500103561308352,-0.5179386171537035,0.419607494158379
Seethapalli,River Water Discharge_Seethapalli.xlsx,seethapalli,11,477.82,397.57,101,932,15.29,0.6183,17.3969,81.7864,95.78,43.94,1162.586888888889,44.48,11.41,32.285066666666665,22.2324,,,,,,,False,3,-1.0115429173842638,1.7245227060466182,-0.3258916965453442,0.33758873523532756,0.22681724777697446
Sevanur,River Water Discharge_Sevanur.xlsx,sevanur,27,44299.03,792.58,166,1870,5.8,0.6362,11.5519,77.7319,43.21,13.93,874.8804444444445,37.14,10.02,29.315066666666677,18.7916,,,,,,,False,2,-1.8141331828390224,-1.543453053698624,2.79496207318936,-1.674595090123802,-1.3775924367767094
Sharad,River Water Discharge_Sharad.xlsx,sharad,8,913.13,340.94,240,241,4.31,0.6497,19.97,78.3353,98.51,46.66,1067.3957777777778,46.62,6.52,33.846666666666664,20.86426666666667,,,,,,,False,1,1.8734590264875344,0.23016027095804786,-1.0562710741259027,0.8089142146082858,-0.6216086503878564
Machna at shahpur,River Water Discharge_Machna at shahpur.xlsx,machnaatshahpur,7,995.08,621.69,382,498,4.76,0.6445,22.1947,77.8983,97.75,39.52,1081.9171111111111,45.16,3.73,32.324133333333336,18.974,,,,,,,False,1,0.6595580900032498,-1.58176191647613,-0.5157646907778605,0.20828542161736605,-0.1180291593282783
Machrewa at bakori,River Water Discharge_Machrewa at bakori.xlsx,machrewaatbakori,7,525.73,581.53,375,523,6.94,0.6725,22.8442,79.3656,98.13,40.23,1173.5037777777782,45.24,2.7,31.68919999999999,18.589066666666664,,,,,,,False,1,0.46561186735598764,-1.5989880815696562,-0.841280169598908,-0.20759650432900903,0.7118472205711239
Madhira,River Water Discharge_Madhira.xlsx,madhira,42,1754.25,129.34,42,753,3.91,0.6607,16.9181,80.3589,90.93,29.35,989.7911111111111,45.83,10.99,33.024133333333324,22.462533333333333,34.0,584.8120588235295,0.4821736001753111,0.3368605104433508,0.1467028244694122,0.1634576616768003,True,1,1.3260031044225609,2.0022916592947584,0.3685643139226944,-0.09157340447103185,-0.8480366340830143
Madhya bharat paper ltd (mbpl),River Water Discharge_Madhya bharat paper ltd (mbpl).xlsx,madhyabharatpaperltdmbpl,1,3798.89,408.07,194,855,6.01,0.6594,22.0131,82.6478,95.55,49.02,1434.5397777777778,45.45,4.01,31.7436,19.421733333333336,,,,,,,False,1,0.5568215532644579,-0.6313552047055211,0.07014468208256126,-1.3640275537004758,-0.5851045992415989
Magaral,River Water Discharge_Magaral.xlsx,magaral,55,4067.25,292.04,57,1090,6.43,0.7014,12.7083,79.75,95.06,32.21,1002.9666666666664,43.02,14.06,33.18533333333333,22.959466666666664,35.0,292.81714285714287,0.6673025641378849,0.4671700570787291,0.1856342656793492,1.097715046773888,True,1,0.5751511800970944,2.270982944034554,1.6715090319916903,-0.025966892742660442,-0.4810452113813499
Mahanadi_ arang,River Water Discharge_Mahanadi_ arang.xlsx,mahanadiarang,3,11343.45,421.27,247,716,4.67,0.6687,21.1619,82.0197,90.57,41.6,1312.5980000000002,46.02,5.5,32.398,19.8648,,,,,,,False,1,1.085819908302971,-0.6238691404332436,0.723305187524402,-0.9964646398827107,-1.1463155889438235
Mahanadi_ kasdol,River Water Discharge_Mahanadi_ kasdol.xlsx,mahanadikasdol,2,13935.55,397.18,212,751,4.45,0.6655,21.6389,82.3917,90.73,36.78,1296.8766666666668,46.06,5.59,32.4068,19.916666666666668,,,,,,,False,1,1.1433763780119361,-0.5048101019131062,0.8210961533129266,-1.1402999586319142,-1.288274468240793
Malpur,River Water Discharge_Malpur.xlsx,malpur,2,363.67,353.8,201,445,4.15,0.7675,21.2736,74.5028,98.48,21.25,590.5268888888888,44.6,3.51,33.39373333333333,19.9272,,,,,,,False,1,2.5421934583211856,-0.0563502574271609,0.1699548827590481,0.18487057722307915,2.0234535522907255
Manakkad,River Water Discharge_Manakkad.xlsx,manakkad,7,320.85,421.61,21,1245,15.17,0.6026,9.9089,76.6961,98.95,43.41,3023.2862222222225,36.58,16.81,30.81493333333334,22.310266666666667,,,,,,,False,3,-3.6540832644383765,2.5716740630812875,-0.9233336633499172,-0.5038211683402745,-0.5231124860566249
Mandal,River Water Discharge_Mandal.xlsx,mandal,6,736.69,322.0,151,662,5.66,0.7571,21.3442,74.9044,95.7,29.31,664.3748888888889,44.83,4.01,33.255199999999995,19.70213333333333,,,,,,,False,1,2.1839871364245385,0.08844185010441773,0.5379377049582041,-0.4501627279141614,1.733458112735321
Mandalapadu,River Water Discharge_Mandalapadu.xlsx,mandalapadu,5,95.72,156.49,111,178,3.84,0.719,17.2047,80.715,96.99,45.8,1047.6646666666666,45.84,10.9,32.995333333333335,22.410266666666665,,,,,,,False,1,1.9489107474316552,2.0063512375621797,-1.720397892746366,1.2118021485935564,0.7484865070233016
Manendragarh,River Water Discharge_Manendragarh.xlsx,manendragarh,37,1111.06,668.44,414,634,5.63,0.6285,23.2014,82.2144,97.7,46.91,1295.1631111111112,45.97,1.6,31.503866666666667,18.5892,30.0,402.089,0.4563924959370949,0.497968871712665,0.3467327219906584,0.5542705342728005,True,1,0.19258018506424737,-2.1265493768620303,-0.6954887573679376,-0.27893060797492497,-0.23083528252967464
Mangaon,River Water Discharge_Mangaon.xlsx,mangaon,13,525.37,129.91,1,1050,8.39,0.6456,18.2314,73.2831,98.89,72.25,2534.142888888889,38.69,8.6,31.09933333333333,20.463733333333334,,,,,,,False,3,-1.2991001820802832,1.5449411141744454,-1.1785261567605492,-1.8746579209351046,-0.3507697455564947
Manikal,River Water Discharge_Manikal.xlsx,manikal,7,158.62,420.42,57,1347,21.11,0.6173,9.5311,76.9122,98.01,35.95,2167.517111111111,36.58,16.81,30.81493333333334,22.310266666666667,,,,,,,False,3,-3.9563276620421153,2.684807451585965,-0.81015985782192,-0.15605322092558674,0.717720766535045
Manot,River Water Discharge_Manot.xlsx,manot,50,5342.72,766.21,440,707,7.18,0.6411,22.7358,80.5131,91.07,41.49,1378.3477777777775,45.46,3.66,31.8428,18.78466666666667,45.0,2782.9702222222218,0.3234498979384185,0.1637459390279846,0.0950211677587522,0.3220574142434363,True,1,-0.02954072473008566,-2.1673829881501097,0.3190891595113516,-0.3520386719676742,-0.6903065813599757
Maruthankuzhy,River Water Discharge_Maruthankuzhy.xlsx,maruthankuzhy,1,528.86,146.99,1,1700,9.74,0.6253,8.5128,76.9819,98.7,38.33,1681.9726666666668,37.24,18.16,32.103333333333346,23.619066666666665,,,,,,,False,3,-2.0442535933889086,3.5921112483948763,0.29917084165228197,-0.09902411388407557,-0.740070907267277
Mat sekawi,River Water Discharge_Mat sekawi.xlsx,matsekawi,11,2244.12,391.27,2,2068,16.22,0.6409,24.8294,92.8867,94.16,37.71,2273.347333333333,36.98,4.2,28.01746666666667,17.8208,,,,,,,False,3,-3.1274031776810274,-0.5676905460553354,-0.3076539519749633,-3.7295039017792395,0.4107994948486447
Mat-2,River Water Discharge_Mat-2.xlsx,mat2,8,1042.94,652.5,103,1797,24.52,0.5875,23.8958,92.8686,96.4,53.04,2569.137111111112,36.16,4.49,27.982000000000003,17.933866666666667,,,,,,,False,3,-4.786815979213371,-0.967694419425334,-0.9907432148532811,-2.8500604766756874,0.7478649225641562
Mat-i,River Water Discharge_Mat-i.xlsx,mati,12,162.01,917.31,493,1117,23.09,0.5864,23.3164,92.8111,97.27,53.08,2547.106222222222,36.16,4.49,27.982000000000003,17.933866666666667,,,,,,,False,2,-5.197491275364379,-2.23514525350786,-1.7976529998307367,-0.8737259706099724,1.360053576686828
Mayambadi,River Water Discharge_Mayambadi.xlsx,mayambadi,8,118.03,796.19,221,1073,15.89,0.6141,11.7375,78.7908,98.42,43.39,924.5333333333332,41.89,15.14,33.85373333333334,23.3884,,,,,,,False,3,-1.818326165061706,1.9021735954871537,0.19258433300160369,2.4613837944245343,0.9467203202721591
Meghraj,River Water Discharge_Meghraj.xlsx,meghraj,1,616.97,235.53,148,231,4.87,0.6582,23.4947,73.5153,96.37,29.42,701.5317777777777,44.53,2.89,32.63773333333333,19.287066666666668,,,,,,,False,1,2.013270638596032,-0.41904317213438486,-1.2382918313552298,-0.05746060011362986,0.24630235439208367
Mirawadi,River Water Discharge_Mirawadi.xlsx,mirawadi,6,2779.92,668.3,502,825,8.89,0.622,18.535,74.1747,93.4,31.28,1332.8168888888888,38.98,8.54,31.180533333333344,20.2936,,,,,,,False,2,-1.64098160451119,-1.1026094359427048,0.4903980168806949,0.3203329723976832,-0.7841482921969066
Morane,River Water Discharge_Morane.xlsx,morane,35,1997.35,509.65,264,973,5.44,0.7439,20.9094,74.7133,88.62,22.11,588.8102222222223,43.59,5.03,33.07293333333334,19.61573333333334,,,,,,,False,1,1.5732715844060845,-0.5842795135005271,1.5994867804401438,-0.19481778508102945,1.3350447329587478
Mukki,River Water Discharge_Mukki.xlsx,mukki,1,1082.91,625.93,461,445,5.19,0.6617,22.1494,80.6656,88.12,32.28,1193.715333333333,45.67,4.02,32.251466666666666,19.2208,,,,,,,False,1,0.6867194666873142,-1.6522673794102063,-0.5128286638578641,0.3674377352478304,-0.04741020341611879
Mukkodlu,River Water Discharge_Mukkodlu.xlsx,mukkodlu,8,153.01,1096.48,886,750,14.51,0.5733,12.4906,75.7722,95.24,37.79,1500.9802222222222,36.33,11.31,29.35813333333333,19.77733333333333,,,,,,,False,2,-4.51122702258397,-2.4778223408168127,-0.7695434051949955,2.2341929694384177,0.3287116159958295
Mundakayam_gd,River Water Discharge_Mundakayam_gd.xlsx,mundakayamgd,1,159.16,419.28,56,1348,21.08,0.6184,9.53,76.8839,98.01,35.95,2167.517111111111,36.58,16.81,30.81493333333334,22.310266666666667,,,,,,,False,3,-3.944715275396411,2.6899483971488936,-0.8021931297878122,-0.1644257342800496,0.7272975571766457
Munugodu,River Water Discharge_Munugodu.xlsx,munugodu,9,620.99,88.94,28,446,3.16,0.5968,16.5547,80.2064,95.78,38.17,802.7768888888891,45.64,12.19,33.518933333333344,23.20706666666667,,,,,,,False,1,1.3455197638327003,2.412367596974969,-0.5822755541361155,1.0466504083382708,-1.3820481881143618
Murli,River Water Discharge_Murli.xlsx,murli,8,9143.19,502.14,365,380,3.07,0.6104,19.4681,77.9861,89.28,39.04,919.3413333333336,45.76,6.42,33.632933333333334,20.3736,,,,,,,False,1,1.4428204002091938,-0.9119996474666157,0.3927800048508971,0.6540699002436714,-1.8997123801754738
Muthanga (ponkuzhi),River Water Discharge_Muthanga (ponkuzhi).xlsx,muthangaponkuzhi,1,154.51,894.16,842,235,8.22,0.6423,11.6739,76.3442,96.93,27.73,1507.4224444444444,36.2,10.84,28.791733333333333,18.8556,,,,,,,False,2,-2.864245263318009,-2.7077735466312425,-1.5290271362603127,1.8516966832426134,0.3826713768728951
Muthankera,River Water Discharge_Muthankera.xlsx,muthankera,53,1246.31,828.53,706,1330,11.23,0.6468,11.8081,76.0842,98.71,30.5,2095.021777777778,35.84,11.52,28.792133333333336,19.216000000000005,46.0,969.1326086956524,0.244405323850278,0.3268524947826172,0.2190050508654326,1.3492861544696189,True,2,-3.8353528446673275,-1.888580759476368,0.4148564985587374,-0.030008528901607164,-0.0629512395215653
Nagaram,River Water Discharge_Nagaram.xlsx,nagaram,7,172.18,286.76,228,399,3.92,0.6614,18.2892,79.4739,98.66,38.14,996.8788888888892,45.93,9.11,33.54613333333334,21.6304,,,,,,,False,1,1.3624820085065583,1.1137852113660118,-1.1035015671797255,1.1740806237036923,0.20094323722475838
Nagari,River Water Discharge_Nagari.xlsx,nagari,7,750.23,240.01,203,187,2.43,0.6276,20.4256,78.8744,98.1,42.39,1158.0833333333333,46.3,6.28,33.29933333333333,20.540133333333333,,,,,,,False,1,1.9031080354085959,0.20161340526496077,-1.7078003199754146,0.5660261355553434,-1.0898890957916572
Nandalur,River Water Discharge_Nandalur.xlsx,nandalur,13,6009.3,528.85,135,1230,6.45,0.652,14.2547,79.1164,93.83,23.42,775.2422222222223,42.28,11.71,32.42013333333334,21.5612,,,,,,,False,1,-0.03179671378967255,0.7004455772122495,1.8775398194548052,0.03803884641714044,-0.74510960562428
Nandipalli,River Water Discharge_Nandipalli.xlsx,nandipalli,36,2801.64,305.07,112,766,8.19,0.7485,14.7211,79.0189,97.63,28.26,718.0644444444446,44.33,12.37,33.886799999999994,22.84573333333333,30.0,231.994,0.6757864031164498,0.4840794490544641,0.1925594094725844,1.1580412267191371,True,1,1.5016024745149885,2.043766217558766,1.7711440442598707,0.46245922011456886,0.6255194812712443
Nandre,River Water Discharge_Nandre.xlsx,nandre,8,3183.77,723.93,540,544,3.57,0.6595,16.9492,74.5297,86.44,15.61,513.4200000000001,40.08,7.88,31.45866666666667,19.300266666666666,,,,,,,False,2,0.1266787714383745,-2.062565930467292,1.3760833805253405,1.0841141670877208,-0.149222903475597
Narasingarayainpet,River Water Discharge_Narasingarayainpet.xlsx,narasingarayainpet,8,2100.28,449.3,249,936,6.7,0.6649,13.1833,79.2081,95.94,34.67,891.1997777777779,42.93,12.57,32.64026666666667,22.052799999999998,,,,,,,False,1,0.046619795447386446,0.992204000023469,1.1758265003984805,0.6441447281820435,-0.4035405760970115
Narmadapuram,River Water Discharge_Narmadapuram.xlsx,narmadapuram,54,32286.51,454.92,271,1062,4.82,0.6675,22.7558,77.7333,74.98,39.68,1250.633111111111,45.34,2.48,31.75293333333334,18.366666666666667,51.0,14273.705098039214,0.2984520819690165,0.0831161620104913,0.129218320985833,1.2996454917223983,True,1,0.9275337557562425,-1.690871426714091,1.2879963214007686,-1.995132921269404,-1.1970403453379228
Navalgund,River Water Discharge_Navalgund.xlsx,navalgund,17,3205.46,639.02,564,282,2.67,0.6159,15.5731,75.3731,76.18,16.99,607.2339999999999,39.39,10.71,31.59200000000001,20.531466666666667,,,,,,,False,2,-0.0598241371606196,-1.4421136161305435,0.6236394469305949,1.8700709136263345,-1.319444588937857
Noornagar,River Water Discharge_Noornagar.xlsx,noornagar,8,1286.58,409.13,313,396,4.23,0.6682,23.1114,78.4028,96.88,45.18,1172.045111111111,46.28,2.34,31.95586666666667,18.48426666666667,,,,,,,False,1,1.3564266958068938,-1.435160236953396,-0.8881786036031842,-0.6217551268277913,-0.07845509439898105
Odendurai,River Water Discharge_Odendurai.xlsx,odendurai,9,1505.84,1146.42,302,2332,17.49,0.6423,11.3217,76.8928,95.44,27.61,1129.21,36.17,10.91,28.7836,18.87253333333333,,,,,,,False,2,-4.230622841524404,-1.5853177551242075,1.5515726788224562,-0.5384335222509561,1.1497634463404842
Orsang at bodeli,River Water Discharge_Orsang at bodeli.xlsx,orsangatbodeli,1,2034.32,211.03,71,604,5.35,0.6885,22.2653,73.7269,96.03,29.3,945.5851111111112,45.24,3.54,33.354666666666674,20.1868,,,,,,,False,1,1.9407225736814704,0.42041866501055025,0.029039965495385626,-0.9178833188432541,0.07277508289851549
Ozerkheda,River Water Discharge_Ozerkheda.xlsx,ozerkheda,40,700.82,400.38,78,1151,12.05,0.645,20.1003,73.2711,98.56,61.77,2007.3266666666664,40.82,7.02,32.38986666666666,20.6764,23.0,1053.3095652173913,0.2953507881725853,0.0835219951085281,0.1590412230728259,1.6248433451190154,True,3,-1.1187972961639612,1.000866540383988,-0.5647033571904251,-1.0586547462671148,0.1441196310221122
Sher at kacchara,River Water Discharge_Sher at kacchara.xlsx,sheratkacchara,7,897.41,576.8,394,361,5.09,0.6393,22.8236,79.4578,97.62,49.76,1207.259777777778,45.24,2.7,31.68919999999999,18.589066666666664,,,,,,,False,1,0.6065183467662622,-1.8683327863369386,-1.1145110437728272,-0.01307014501671712,-0.21365198255934115
Shindkheda,River Water Discharge_Shindkheda.xlsx,shindkheda,2,1141.19,386.35,151,630,3.7,0.7417,21.2747,74.7517,97.96,26.14,565.3277777777778,44.59,3.52,33.39266666666666,19.9256,,,,,,,False,1,2.3954606534460856,-0.15096083538175717,0.8539069348559529,-0.19448391281044985,1.30256824015337
Shirpur,River Water Discharge_Shirpur.xlsx,shirpur,3,744.53,320.34,145,668,5.64,0.7557,21.3394,74.89,95.7,29.31,664.3748888888889,44.83,4.01,33.25653333333334,19.7056,,,,,,,False,1,2.179751564805863,0.10440370314949143,0.5381678310460588,-0.4673517292335167,1.7117470681828009
Silgi at kotrai,River Water Discharge_Silgi at kotrai.xlsx,silgiatkotrai,7,532.02,756.96,512,455,7.52,0.6371,22.9853,80.5961,96.78,46.39,1310.101111111111,46.05,1.93,31.88,18.410533333333337,,,,,,,False,1,0.08243215342042541,-2.385223583359852,-1.1416905872749619,0.4008826035430196,0.29890193117758135
Singavaram,River Water Discharge_Singavaram.xlsx,singavaram,47,6089.28,553.23,256,975,5.39,0.6739,14.5978,78.0133,81.03,25.88,572.02,41.47,10.76,31.882400000000004,20.84146666666667,29.0,141.06793103448277,0.6926158623225579,0.552947446721841,0.3014406263339464,0.9740857211252464,True,1,0.24593111202013665,-0.14341175114003404,2.096757279126816,0.27478912425477076,-0.31803095028501094
Sip at dholpur,River Water Discharge_Sip at dholpur.xlsx,sipatdholpur,7,627.68,402.62,273,279,4.83,0.6809,22.6064,77.1958,98.99,45.1,1079.176888888889,45.17,1.89,31.934,18.1276,,,,,,,False,1,1.457924281261559,-1.4297821714022756,-1.3754709650673607,-0.5098855080434511,0.4749422621380134
Sipu at sipudam(bhakudar),River Water Discharge_Sipu at sipudam(bhakudar).xlsx,sipuatsipudambhakudar,13,1383.28,300.46,156,1545,5.07,0.7029,24.3969,72.3014,98.88,28.32,861.0055555555556,46.55,1.84,32.65546666666666,18.967066666666668,,,,,,,False,1,1.5961882682808168,-0.41597440382770123,0.6441795242628225,-1.4634175219023724,0.8987309508236264
Sirimoda,River Water Discharge_Sirimoda.xlsx,sirimoda,7,484.56,1022.36,860,804,14.09,0.5877,18.6203,82.8717,98.37,39.72,1003.6075555555556,43.09,9.87,31.869733333333333,21.927866666666667,,,,,,,False,2,-2.331503620191501,-1.6137330391044435,0.2904858532672914,3.022547951003093,0.03765201295554105
Sohagpura,River Water Discharge_Sohagpura.xlsx,sohagpura,6,232.29,481.4,373,170,4.73,0.6166,23.9183,74.7003,98.78,31.11,803.7784444444444,44.97,2.42,32.31853333333334,18.65066666666667,,,,,,,False,1,1.2736578272904835,-1.6588208728472413,-2.1161935060990413,0.9778291091871085,0.11680158901347831
Somanpally(seasonal),River Water Discharge_Somanpally(seasonal).xlsx,somanpallyseasonal,59,13552.16,354.59,115,553,2.83,0.669,18.6167,79.8,75.1,28.65,944.158,45.58,9.17,33.377599999999994,21.376,43.0,1513.9862790697673,0.4993068067628204,0.3391465782279308,0.1127864373644486,0.3869351421936619,True,1,1.7392107960082324,0.6052466446123712,1.2041788908650735,-0.2359840657798327,-1.5078852488590353
Songe bange,River Water Discharge_Songe bange.xlsx,songebange,2,636.13,662.79,541,497,7.43,0.6067,16.4281,74.2636,98.15,30.1,1479.1162222222224,38.66,10.57,31.42333333333333,20.90093333333333,,,,,,,False,2,-1.737187507649131,-0.6844476088888043,-0.5725441734982922,1.3088212054482593,-0.7986085866176514
Suddakal,River Water Discharge_Suddakal.xlsx,suddakal,9,2315.57,566.3,429,286,2.86,0.6516,16.5728,78.4233,90.78,24.72,727.208,44.21,9.18,33.22733333333333,21.350800000000003,,,,,,,False,1,1.276097764087997,-0.5024199838838428,0.3774516076162942,1.7322062005563181,-0.8924431579627823
Sundergarh,River Water Discharge_Sundergarh.xlsx,sundergarh,50,555.06,378.33,232,535,7.47,0.6632,22.1153,83.3992,97.07,43.4,1435.1893333333337,45.43,2.21,31.648266666666657,19.354666666666667,43.0,2214.66488372093,0.3845653656736419,0.5154658104295196,0.3189921639775302,1.66278859847698,True,1,0.5710919346941159,-0.6493772311522674,-1.2490064149874,-0.8326338185169659,0.35925993678866563
Surubali,River Water Discharge_Surubali.xlsx,surubali,3,1083.33,760.12,521,772,13.32,0.6038,20.1697,83.9467,98.23,39.74,1368.9275555555555,43.5,7.79,32.464933333333335,21.20586666666667,,,,,,,False,2,-1.4049538975382772,-0.7206784345099108,-0.08937513548486134,1.2087027568826019,-0.3070162143681457
T. bekkupe,River Water Discharge_T. bekkupe.xlsx,tbekkupe,22,3419.37,829.69,609,858,4.53,0.6157,12.5072,77.4281,85.75,19.74,788.7495555555555,39.15,10.48,30.54253333333334,19.63093333333333,,,,,,,False,2,-1.4501063452266176,-2.06445908331452,1.3124128627483138,1.0402988667639437,-0.9153709748841886
T. narasipur,River Water Discharge_T. narasipur.xlsx,tnarasipur,55,6991.76,797.07,623,1413,5.59,0.6368,12.2303,76.8944,62.79,21.05,994.7555555555556,35.77,9.83,28.2864,18.166666666666664,,,,,,,False,2,-2.6650834488190323,-2.787536125773906,1.7108787388401272,-0.5190010125342025,-0.7366051713841663
T.k.halli,River Water Discharge_T.k.halli.xlsx,tkhalli,48,8316.2,785.45,580,757,3.43,0.6466,12.4119,77.1928,70.15,23.16,753.1584444444444,37.63,9.67,29.4312,18.574933333333338,34.0,430.005294117647,0.3750101820659096,0.2669550163256806,0.0974603019091277,0.2672005037650772,True,2,-1.3294081125756427,-2.629853302422382,1.65830940277074,0.15443075353691657,-0.8834507903349692
Takali,River Water Discharge_Takali.xlsx,takali,8,1455.96,305.97,203,255,3.87,0.6415,19.8442,78.6008,96.25,33.18,1069.0377777777774,46.44,6.9,33.861999999999995,20.88853333333333,,,,,,,False,1,1.9016831778571113,0.34907941517222757,-0.8737939844938046,0.6001937664886011,-0.9761640798794851
Talaji   talaja,River Water Discharge_Talaji   talaja.xlsx,talajitalaja,1,5883.78,135.51,5,629,2.9,0.8143,21.3533,72.0342,92.09,17.19,585.6386666666666,42.66,5.42,33.0216,20.906,,,,,,,False,1,2.985510607577144,0.9939682028224806,1.9435628821234427,-1.250810787048167,1.1602069530915675
Talikot,River Water Discharge_Talikot.xlsx,talikot,25,2519.66,600.72,501,257,2.48,0.6222,16.4836,76.2844,91.87,25.79,562.206,42.03,9.65,32.33853333333334,20.415733333333336,,,,,,,False,1,0.7523609331332664,-1.2743577704050166,0.40582625758036334,1.8783739777118333,-1.0911414173329284
Tamar,River Water Discharge_Tamar.xlsx,tamar,1,968.7,506.01,220,697,7.73,0.6628,23.0531,85.6617,91.2,31.63,1248.5804444444443,45.32,2.32,31.292,19.55493333333333,,,,,,,False,1,0.3172755599224173,-0.8754361792604618,-0.5300434450492123,-0.8430524255311573,0.32547799291897916
Tapi at burhanpur,River Water Discharge_Tapi at burhanpur.xlsx,tapiatburhanpur,45,9669.82,511.64,202,969,6.98,0.6856,21.2994,76.2354,83.8,37.51,1021.5655555555556,45.38,4.9,32.85053333333333,19.61093333333333,35.0,8181.202857142856,0.4362431449489757,0.3867501613837186,0.2782420219523235,0.0929873182007489,True,1,1.0334582792656035,-0.639658472910839,1.2775243297012018,-0.9871478449442314,-0.3207977392069093
Tapi at dedtalai,River Water Discharge_Tapi at dedtalai.xlsx,tapiatdedtalai,3,7275.51,559.52,264,907,7.29,0.6768,21.5128,76.758,88.1,37.77,1082.363111111111,45.35,4.91,32.73426666666667,19.591466666666665,,,,,,,False,1,0.7781462831339587,-0.8600896217905394,1.0423790239970026,-0.7220052302693705,-0.32448643099753366
Tenduni at maheshwar,River Water Discharge_Tenduni at maheshwar.xlsx,tenduniatmaheshwar,7,1702.54,402.33,305,404,4.19,0.6579,22.9792,78.3208,96.88,45.18,1172.045111111111,46.27,2.34,31.951866666666664,18.4804,,,,,,,False,1,1.3239120518634846,-1.4583903157879947,-0.8220882501640543,-0.6929857012299208,-0.3290299377306516
Terwad (seasonal),River Water Discharge_Terwad (seasonal).xlsx,terwadseasonal,47,2579.5,636.74,525,505,7.32,0.6259,16.6764,74.5742,98.66,32.52,1210.0557777777778,38.31,10.98,31.430399999999995,21.23026666666666,35.0,1891.0937142857144,0.2015566359908965,0.1829305362364409,0.1996098277583232,1.0144803270766758,True,2,-1.3566692602754287,-0.6542589356523283,0.4105188316544631,1.097423356081111,-1.0922456243963141
Teska,River Water Discharge_Teska.xlsx,teska,22,1614.56,677.25,462,456,4.49,0.6635,21.8158,77.7744,97.52,38.07,939.318,45.23,4.74,32.431066666666666,19.497733333333333,,,,,,,False,1,0.8445894956009556,-1.6777665596816214,0.06745430557261171,0.6712957905014689,-0.11942319468923747
Thandalaiputhur,River Water Discharge_Thandalaiputhur.xlsx,thandalaiputhur,5,859.09,384.85,88,1290,8.47,0.7274,10.9911,78.5133,97.17,29.38,815.5244444444444,41.88,15.14,33.85360000000001,23.3896,,,,,,,False,1,0.32232951619330796,2.67418248418527,1.7115821093515131,0.8168255699898213,0.8416166444621739
Theni,River Water Discharge_Theni.xlsx,theni,48,1328.53,664.66,285,2366,12.31,0.764,10.0011,77.485,89.47,31.98,778.1868888888888,36.92,16.03,31.130533333333325,21.98493333333333,39.0,183.98589743589744,0.4009175291041711,0.4489135583135393,0.2508933200895016,0.8448935992816534,True,3,-1.8126773858805192,1.1562397432601599,2.8615807644927855,0.28952535958879505,1.8410177953835363
Thevur,River Water Discharge_Thevur.xlsx,thevur,27,1211.62,344.67,174,1463,5.09,0.6787,11.5272,77.7508,98.1,37.24,1335.1344444444444,39.77,13.01,31.785066666666676,21.34466666666666,,,,,,,False,3,-0.7429731210448013,1.2982712862789016,0.8707896317272235,-0.4392006745249903,-0.2522984987812425
Thiruvalam,River Water Discharge_Thiruvalam.xlsx,thiruvalam,8,2479.63,421.36,184,1001,6.3,0.6607,12.9847,79.2672,95.94,34.67,891.1997777777779,43.13,12.76,32.73093333333333,22.195733333333337,,,,,,,False,1,0.14930411746274838,1.2459102315871493,1.2547498113098192,0.4681791685829716,-0.5699556058297746
Thiruvattar,River Water Discharge_Thiruvattar.xlsx,thiruvattar,7,600.6,426.91,2,1822,15.39,0.6051,8.3278,77.2669,98.64,37.34,1579.5035555555555,37.73,18.4,32.56013333333333,23.919733333333333,,,,,,,False,3,-2.7985870204455803,3.3766494202823787,0.5882839034629258,0.479372227389324,-0.42452753289248035
Thoppur,River Water Discharge_Thoppur.xlsx,thoppur,25,339.94,583.21,329,1308,11.42,0.6354,11.9383,78.0572,98.68,33.13,869.3553333333333,41.77,14.66,33.587333333333326,23.06453333333333,,,,,,,False,3,-1.1043850461461013,1.622900877801052,0.8399060730815673,1.9263162108741678,0.4038211427421529
Thottathinkadavu,River Water Discharge_Thottathinkadavu.xlsx,thottathinkadavu,7,188.49,595.29,13,2318,19.92,0.6459,11.3619,76.0019,98.77,62.2,2910.430444444444,36.15,10.93,28.792,18.9032,,,,,,,False,3,-4.4727791575765945,0.6651334844269676,-0.9216119530309193,-2.2590502287866614,1.4715907628503755
Thumpamon,River Water Discharge_Thumpamon.xlsx,thumpamon,49,819.72,300.54,2,1921,16.2,0.6248,9.2278,76.7,98.51,44.99,2983.2708888888887,36.64,16.87,31.089733333333328,22.418266666666664,42.0,391.8985714285715,0.2366249628398539,0.2054830223275369,0.0838586528791195,0.8904290983958472,True,3,-3.459094511203694,2.9208143040272647,-0.1184139156325765,-1.1336710249159094,-0.5068849810031271
Tuichang,River Water Discharge_Tuichang.xlsx,tuichang,21,1622.0,913.46,251,1638,23.79,0.5524,23.0344,92.9653,98.68,50.0,2482.049555555556,36.12,4.43,28.075733333333336,17.925866666666668,16.0,435.5225,0.4021485686732603,0.017109521450928,0.085133020820504,3.517007673607404,False,2,-5.2159101730299975,-1.9309003702713823,-0.7522469789082146,-2.028794616747218,0.14482754342882284
Tuichawng,River Water Discharge_Tuichawng.xlsx,tuichawng,6,1235.03,269.94,38,1074,17.0,0.6664,22.9153,92.5281,83.49,0.0,152.59822222222223,36.32,4.52,28.2308,18.16093333333333,,,,,,,False,1,-0.7692434260987054,-0.918005275022017,1.7044240919819242,-1.2757842202692375,2.626109660881024
Tulaghat,River Water Discharge_Tulaghat.xlsx,tulaghat,20,1412.95,565.44,170,1154,13.44,0.624,20.3222,83.6131,97.6,45.67,1393.0362222222222,44.04,7.51,32.5476,21.029333333333334,15.0,1492.6806666666666,0.6133288994226875,0.4636996998279277,0.204523519544726,0.6417904947261062,True,1,-0.8924486255393748,0.4559044704360176,0.11820134521866997,-0.2638459518045391,-0.07254741541906264
V.kallathur,River Water Discharge_V.kallathur.xlsx,vkallathur,8,1055.72,406.12,96,1319,9.99,0.6927,11.4025,78.9297,90.71,30.57,848.9775555555557,41.89,15.14,33.85373333333334,23.3884,,,,,,,False,1,-0.0776455198483889,2.5838689949111338,1.56641698286022,0.8730230467447544,0.43406413076663913
Valamuru (pamuleru),River Water Discharge_Valamuru (pamuleru).xlsx,valamurupamuleru,9,406.98,719.34,403,954,17.18,0.6169,17.6331,81.6361,97.72,25.05,1179.7946666666664,44.48,11.41,32.285066666666665,22.2324,,,,,,,False,2,-1.7917574259461266,0.5161296267126183,-0.02309332100747464,1.5031236454761072,0.5274095016529343
Valayinkil,River Water Discharge_Valayinkil.xlsx,valayinkil,1,95.07,465.8,82,1623,18.46,0.5951,8.6764,77.0914,98.08,30.48,888.2884444444442,37.73,18.4,32.56013333333333,23.919733333333333,,,,,,,False,3,-2.940271558965707,3.2589280535117533,0.21526234998732854,1.6420184526855615,0.8822362922344762
Valigonda,River Water Discharge_Valigonda.xlsx,valigonda,7,6101.54,558.84,298,432,3.14,0.6358,17.3656,79.0322,89.67,24.8,731.3011111111111,44.99,9.13,33.0988,21.25706666666667,,,,,,,False,1,1.213710435370528,-0.3165067375771863,0.9376138527936656,0.9929324356590609,-1.3644937586259864
Varanavasi,River Water Discharge_Varanavasi.xlsx,varanavasi,8,480.55,107.66,49,478,3.2,0.6097,11.0925,79.085,97.18,30.0,998.3584444444444,41.31,15.8,33.65573333333334,23.76346666666667,,,,,,,False,1,0.4457731402924502,3.0381143994492956,-0.4143422264867684,1.3153318445236089,-1.3920882292635621
Veerlapalem,River Water Discharge_Veerlapalem.xlsx,veerlapalem,9,673.2,185.82,76,371,2.74,0.6206,16.6875,79.5461,91.88,33.02,702.1788888888889,45.28,10.58,33.64506666666667,22.3916,,,,,,,False,1,1.6833826053332963,1.6830237931518996,-0.4366321715352736,1.1041298580026695,-0.9323006703651298
Vellaikadavu,River Water Discharge_Vellaikadavu.xlsx,vellaikadavu,7,308.91,210.99,4,1697,11.8,0.6375,8.4981,77.0125,98.7,38.33,1681.9726666666668,37.68,18.38,32.52013333333333,23.8932,,,,,,,False,3,-2.1240073303366906,3.7885865439186084,0.21649706301242969,0.2336373862879128,-0.18651590318188124
Venganur,River Water Discharge_Venganur.xlsx,venganur,8,2965.8,398.74,80,1335,8.79,0.6936,11.4431,79.0244,90.26,32.06,925.2924444444444,41.89,15.14,33.85373333333334,23.3884,,,,,,,False,1,0.08652154552237507,2.4914677266591445,1.9545337571370638,0.5227996146253833,-0.16360273009879311
Vikkiralapeta,River Water Discharge_Vikkiralapeta.xlsx,vikkiralapeta,8,2259.05,132.08,8,810,4.2,0.6832,15.2967,79.9128,96.59,27.74,742.7115555555555,45.79,12.24,34.12199999999999,23.505333333333336,,,,,,,False,1,1.8639760392239244,2.663378056984211,1.1607036756512785,0.44254271161418374,-0.5782027400528067
Vinchur,River Water Discharge_Vinchur.xlsx,vinchur,6,496.66,466.63,306,568,4.16,0.7311,20.7172,74.8656,97.28,30.62,620.5044444444444,43.5,5.42,32.988933333333335,19.3944,,,,,,,False,1,1.6361537856768158,-0.6100229294044274,0.4034774992767112,0.3908903064572871,1.4833877330672534
Wankadi,River Water Discharge_Wankadi.xlsx,wankadi,1,113.0,291.7,187,213,5.84,0.6478,22.8625,74.0003,98.72,28.26,818.3639999999999,45.31,2.77,32.98013333333333,19.606266666666667,,,,,,,False,1,1.7177806400829372,-0.20928802388918943,-2.1954428029153448,0.6027623918190818,0.7999229725002919
Warunji,River Water Discharge_Warunji.xlsx,warunji,60,1473.97,767.81,543,675,11.24,0.5667,17.2728,74.1647,88.73,40.23,1209.0182222222224,38.56,9.44,30.946666666666676,20.292666666666666,58.0,1808.5156896551728,0.3318345424589373,0.339184617482019,0.2485276078452951,0.4060257967043224,True,2,-2.4158780918709484,-1.3329746365503612,-0.08295644802180667,1.0403719940412723,-0.9782789228321185
Zari,River Water Discharge_Zari.xlsx,zari,38,5869.73,499.6,373,563,2.78,0.6535,19.3947,76.7733,94.79,24.52,777.0531111111111,44.63,5.58,33.3412,19.562800000000003,,,,,,,False,1,1.4888617275533065,-1.157236433782779,0.8527307544682494,0.25110170577571245,-0.861542695689248
