station,file,join_key,n_years,area_km2,mean_elev_m,min_elev_m,relief_m,mean_slope_deg,drain_density,lat,lon,rain_max_mm,rain_min_mm,rain_annual_mean_mm,temp_max_C,temp_min_C,temp_mean_max_C,temp_mean_min_C,n_used,l1,t,t3,t4,Di,is_contributing
bhamgarh,River Water Discharge_ bhamgarh.xlsx,bhamgarh,7,2280.56,390.94,266,660,3.36,0.6559,21.8436,76.5039,95.6,29.74,835.7697777777776,45.54,4.47,33.202000000000005,19.661199999999997,,,,,,,False
sandia,River Water Discharge_ sandia.xlsx,sandia,48,20361.72,462.75,287,925,4.77,0.6743,22.9161,78.3475,86.59,37.75,1262.2826666666663,45.33,2.55,31.713199999999997,18.40253333333333,45.0,9727.693777777777,0.3378623411694401,0.21199897763294676,0.13616506175385978,0.17993533669204756,True
A.p.puram,River Water Discharge_A.p.puram.xlsx,appuram,14,1302.28,228.22,65,1743,6.03,0.7218,8.9014,77.6486,96.49,23.92,815.785111111111,37.3,17.62,31.960666666666665,23.221999999999998,,,,,,,False
Abna at khandwa,River Water Discharge_Abna at khandwa.xlsx,abnaatkhandwa,7,270.56,351.95,302,115,2.87,0.6251,21.8133,76.3253,98.0,32.97,767.7402222222222,45.55,4.44,33.20506666666667,19.66733333333333,,,,,,,False
Adityapur,River Water Discharge_Adityapur.xlsx,adityapur,55,6736.17,310.7,105,856,6.0,0.6639,22.7914,86.1736,92.47,28.47,1393.6317777777776,45.65,3.73,31.6228,20.189066666666665,51.0,2414.0233333333335,0.373264030214306,0.21804574487442344,0.09708708067873548,0.17622069211090127,True
Adkasthala,River Water Discharge_Adkasthala.xlsx,adkasthala,7,242.73,115.02,44,327,8.54,0.5761,12.675,75.115,98.92,61.5,3616.6157777777776,36.33,11.31,29.358133333333335,19.77733333333333,,,,,,,False
Akkalpada,River Water Discharge_Akkalpada.xlsx,akkalpada,6,1451.45,555.26,354,883,6.03,0.7357,20.9347,74.4661,94.31,20.51,583.3951111111112,43.6,4.92,33.09493333333333,19.68733333333333,,,,,,,False
Akkihebbal,River Water Discharge_Akkihebbal.xlsx,akkihebbal,24,5273.59,943.0,754,1113,4.95,0.6081,12.5986,76.4006,68.39,15.38,873.0664444444442,36.28,9.69,28.689333333333337,18.39746666666667,15.0,824.4853333333333,0.48130562488853096,0.29718360830684765,-0.01908706146007035,1.584617524543689,True
Alandurai,River Water Discharge_Alandurai.xlsx,alandurai,9,108.77,707.31,438,1534,14.7,0.7086,10.9519,76.7853,93.41,28.14,621.3180000000001,35.28,13.03,28.53546666666667,19.386133333333333,,,,,,,False
Alladupalli,River Water Discharge_Alladupalli.xlsx,alladupalli,41,9004.45,283.93,133,781,4.18,0.7253,14.7172,78.6686,78.3,24.17,652.3264444444445,44.14,11.9,33.999066666666664,22.67306666666667,35.0,1320.509142857143,0.3821595347473181,0.3427079927459076,0.2219914353998029,0.1302081699171575,True
Allam vari ghanapur,River Water Discharge_Allam vari ghanapur (1).xlsx,allamvarighanapur1,3,1651.44,206.02,76,413,5.34,0.6765,18.3861,80.3928,98.6,47.59,1262.3935555555556,45.87,9.17,32.81706666666667,21.538666666666664,,,,,,,False
Allam vari ghanapur,River Water Discharge_Allam vari ghanapur.xlsx,allamvarighanapur,9,29.47,111.66,74,109,4.9,0.6383,18.3378,80.43,98.6,47.59,1262.3935555555556,45.87,9.17,32.81706666666667,21.538666666666664,,,,,,,False
Altuma,River Water Discharge_Altuma.xlsx,altuma,36,971.69,202.39,47,1001,7.97,0.6736,20.9308,85.5192,91.77,33.43,1444.5415555555555,45.4,6.16,32.367466666666665,21.109333333333336,29.0,515.2524137931035,0.31684293814003234,0.22996207871638574,0.2204058290032002,0.43857189121243223,True
Ambaliyara,River Water Discharge_Ambaliyara.xlsx,ambaliyara,1,1026.47,172.54,68,310,3.83,0.646,23.2094,73.0336,98.54,44.62,718.8186666666667,44.53,2.89,32.63773333333333,19.287066666666668,,,,,,,False
Ambarampalayam,River Water Discharge_Ambarampalayam.xlsx,ambarampalayam,48,941.97,677.92,221,2287,11.57,0.6464,10.6314,76.9461,95.61,18.39,1031.5373333333334,36.93,13.51,29.851866666666666,20.170800000000003,43.0,256.74511627906975,0.7671406815123686,0.7933157637915926,0.6600973078830632,3.1875166918395563,False
Ambasamudram,River Water Discharge_Ambasamudram.xlsx,ambasamudram,27,707.22,674.05,300,1602,15.2,0.6589,9.9256,77.5117,98.81,30.76,935.635777777778,36.88,16.84,31.362000000000002,22.525466666666663,18.0,64.00333333333333,0.5079188073333601,0.37091132534480586,0.1742382584744044,0.16963435552931658,True
Anantharam,River Water Discharge_Anantharam.xlsx,anantharam,8,2634.32,386.6,226,417,2.64,0.702,17.4469,79.4097,89.16,27.75,801.1186666666667,45.61,9.54,33.49106666666667,21.836533333333332,,,,,,,False
Anantwadi,River Water Discharge_Anantwadi.xlsx,anantwadi,8,1989.68,415.68,252,324,4.67,0.6629,19.8461,77.8672,91.67,39.82,949.2337777777777,45.93,6.61,33.6264,20.48626666666667,,,,,,,False
Ankushapur,River Water Discharge_Ankushapur.xlsx,ankushapur,5,21.59,301.46,206,381,14.51,0.7434,16.3528,79.6381,97.33,37.51,1006.1104444444447,45.87,9.25,33.5644,21.704933333333337,,,,,,,False
Ankushapur,River Water Discharge_Ankushapur_2.xlsx,ankushapur2,8,2447.02,263.48,176,472,2.73,0.6448,18.3528,79.6381,97.33,37.51,1006.1104444444447,45.87,9.25,33.5644,21.704933333333337,,,,,,,False
Arangali,River Water Discharge_Arangali.xlsx,arangali,48,1333.83,712.08,1,2389,14.95,0.618,10.2861,76.3222,98.66,43.44,2207.6782222222228,35.32,13.05,28.564666666666664,19.40386666666667,32.0,672.2990625,0.18519544460962648,0.17151990188377997,0.15600293117771577,1.0234459034004235,True
Arkkannur,River Water Discharge_Arkkannur.xlsx,arkkannur,7,258.65,108.37,32,398,9.12,0.6276,8.8725,76.8467,98.59,45.82,2132.8453333333337,36.06,17.48,30.898800000000005,22.825333333333333,,,,,,,False
Arni,River Water Discharge_Arni.xlsx,arni,8,1321.74,389.37,290,266,3.92,0.6969,20.0619,77.9486,97.87,34.07,887.4662222222223,45.93,6.05,33.479733333333336,20.2832,,,,,,,False
Aruvipuram,River Water Discharge_Aruvipuram.xlsx,aruvipuram,7,347.38,222.27,15,1831,12.53,0.6066,8.42,77.0925,98.64,37.34,1579.5035555555555,37.73,18.4,32.56013333333333,23.919733333333333,,,,,,,False
Asegaon,River Water Discharge_Asegaon.xlsx,asegaon,1,86.36,410.8,382,64,3.58,0.5993,19.3,76.8417,97.64,37.71,866.8211111111113,44.97,5.59,33.42786666666667,19.8048,,,,,,,False
Ayoor,River Water Discharge_Ayoor.xlsx,ayoor,1,178.28,118.07,40,390,9.31,0.6196,8.8919,76.8664,98.59,45.82,2132.8453333333337,36.11,17.51,30.954666666666665,22.862000000000002,,,,,,,False
Balasamudram,River Water Discharge_Balasamudram.xlsx,balasamudram,6,87.19,1176.75,323,1791,21.9,0.5295,10.4256,77.5339,98.81,17.46,1019.8922222222221,37.77,13.44,30.524800000000003,20.570666666666668,,,,,,,False
Bamnia,River Water Discharge_Bamnia.xlsx,bamnia,20,477.95,428.38,353,178,3.9,0.6569,23.0997,74.7886,98.4,31.54,874.8908888888889,45.12,2.48,32.59,19.000400000000003,,,,,,,False
Bamnidhi,River Water Discharge_Bamnidhi.xlsx,bamnidhi,55,3979.02,401.14,194,855,5.89,0.661,21.9,82.7133,95.55,49.02,1434.5397777777778,45.47,4.07,31.764666666666667,19.444266666666667,53.0,2761.5279245283023,0.4505994199567919,0.36613360673696477,0.1344085563447807,0.44401797622809197,True
Baronda,River Water Discharge_Baronda.xlsx,baronda,49,3406.8,469.95,260,703,5.83,0.6856,20.9106,81.8872,98.06,39.32,1322.3455555555556,46.11,5.5,32.443066666666674,19.866,42.0,1594.0311904761904,0.46997200149653795,0.40153470249113693,0.21740199026174284,0.12419929587831198,True
Bayyaram,River Water Discharge_Bayyaram.xlsx,bayyaram,6,2024.13,245.32,155,424,3.13,0.637,17.5681,80.0875,97.28,38.84,1087.5475555555556,45.71,10.18,33.427466666666675,22.152133333333335,,,,,,,False
Belkhedi,River Water Discharge_Belkhedi.xlsx,belkhedi,49,1600.3,561.05,339,559,5.48,0.6519,22.9289,79.3403,95.5,45.32,1209.3624444444445,45.24,2.7,31.68919999999999,18.589066666666664,45.0,1844.0893333333333,0.46423613738031616,0.3550523046819982,0.1839396657374496,0.05717333716962436,True
Belkund at ghughra,River Water Discharge_Belkund at ghughra.xlsx,belkundatghughra,7,532.5,453.08,379,272,5.86,0.7158,23.4864,80.1964,98.81,33.86,1222.4142222222224,46.06,1.91,31.878533333333333,18.40693333333334,,,,,,,False
Betmogra,River Water Discharge_Betmogra.xlsx,betmogra,29,2190.24,493.24,352,374,3.57,0.6011,18.7122,77.525,98.94,30.48,889.3404444444446,44.75,7.31,33.2524,20.2344,16.0,528.2462499999999,0.4504007363989809,0.10493573087274681,-0.026885255252686972,1.5503436720139134,True
Bettadamane,River Water Discharge_Bettadamane.xlsx,bettadamane,8,273.79,976.82,898,525,9.44,0.6065,13.0692,75.68,98.81,63.06,2113.4455555555555,36.53,10.76,29.470933333333335,19.356933333333338,,,,,,,False
Bhadli,River Water Discharge_Bhadli.xlsx,bhadli,3,1380.16,483.88,236,750,7.1,0.7256,21.8289,75.6122,96.53,31.35,735.1864444444444,45.31,4.51,33.116400000000006,19.479733333333332,,,,,,,False
Bhakudar (sipu dam),River Water Discharge_Bhakudar (sipu dam).xlsx,bhakudarsipudam,13,1380.94,300.67,167,1534,5.07,0.7032,24.4003,72.3094,98.88,28.32,861.0055555555556,46.55,1.84,32.65546666666666,18.967066666666668,,,,,,,False
Bhamragad,River Water Discharge_Bhamragad.xlsx,bhamragad,8,6938.19,408.22,187,738,6.01,0.6461,19.4164,80.5861,94.58,38.33,1407.8526666666667,46.32,6.98,32.82706666666666,20.6516,,,,,,,False
Bifercation of e&w tammileru,River Water Discharge_Bifercation of e&w tammileru.xlsx,bifercationofewtammileru,15,1249.73,138.64,11,425,3.1,0.6807,16.7275,81.0928,97.67,40.96,1024.2226666666666,45.63,11.73,33.184799999999996,22.8532,,,,,,,False
Borad at thikri,River Water Discharge_Borad at thikri.xlsx,boradatthikri,7,719.78,295.27,160,678,4.12,0.6826,22.073,75.404,97.92,28.34,782.6633333333333,45.3,4.27,33.07546666666667,19.41173333333333,,,,,,,False
Butaram,River Water Discharge_Butaram.xlsx,butaram,4,16.69,118.85,79,104,5.42,0.6347,18.3533,80.4078,98.71,43.32,1247.8475555555556,45.87,9.17,32.81706666666667,21.538666666666664,,,,,,,False
Chakkalakuth,River Water Discharge_Chakkalakuth.xlsx,chakkalakuth,7,218.47,347.43,13,2438,15.07,0.6266,11.2642,76.2386,97.69,47.97,2490.437111111111,36.2,10.84,28.791733333333333,18.8556,,,,,,,False
Chakrar at gadasarai,River Water Discharge_Chakrar at gadasarai.xlsx,chakraratgadasarai,7,421.36,867.33,713,329,8.48,0.6583,22.8264,81.3244,98.95,39.8,1308.5897777777782,45.36,3.63,31.808400000000002,18.96506666666667,,,,,,,False
Chanwada,River Water Discharge_Chanwada.xlsx,chanwada,46,4199.25,192.12,12,800,4.86,0.6964,22.05,73.4653,91.42,26.42,960.3777777777777,45.25,3.62,33.39653333333333,20.251066666666663,,,,,,,False
Cherpad,River Water Discharge_Cherpad.xlsx,cherpad,1,61.67,532.94,36,1152,24.84,0.6241,9.7025,76.8167,98.95,43.41,3023.2862222222225,36.58,16.81,30.81493333333334,22.310266666666667,,,,,,,False
Chhidgaon,River Water Discharge_Chhidgaon.xlsx,chhidgaon,50,1878.38,508.16,286,543,7.25,0.6675,22.4061,77.3081,97.67,47.36,1127.3173333333334,45.14,1.89,31.899866666666664,18.13266666666667,45.0,2421.8224444444445,0.4468051570246233,0.35655820334226646,0.1703260479880981,0.1343607884624096,True
Chikkamalur,River Water Discharge_Chikkamalur.xlsx,chikkamalur,7,6491.39,807.63,612,725,3.25,0.6419,12.5956,77.0567,77.3,23.12,740.5833333333334,37.59,9.65,29.337866666666663,18.484,,,,,,,False
Chimthane,River Water Discharge_Chimthane.xlsx,chimthane,6,1113.06,391.26,192,589,3.69,0.7416,21.1775,74.6956,91.65,22.24,587.7551111111111,44.59,3.52,33.392533333333326,19.9256,,,,,,,False
Chinamusi  tumadu,River Water Discharge_Chinamusi  tumadu.xlsx,chinamusitumadu,18,2030.28,107.92,5,647,3.33,0.6113,15.3664,79.9681,94.36,29.06,764.0857777777778,45.79,12.24,34.12199999999999,23.505333333333336,,,,,,,False
Chitrasani -duplicate,River Water Discharge_Chitrasani -duplicate.xlsx,chitrasaniduplicate,27,309.47,351.04,183,631,8.93,0.6634,24.2889,72.4983,97.18,15.8,798.6342222222222,46.55,1.84,32.65546666666666,18.967066666666668,,,,,,,False
Chitrasani,River Water Discharge_Chitrasani.xlsx,chitrasani,3,309.47,351.04,183,631,8.93,0.6634,24.2889,72.4983,97.18,15.8,798.6342222222222,46.55,1.84,32.65546666666666,18.967066666666668,,,,,,,False
Choral at barwah,River Water Discharge_Choral at barwah.xlsx,choralatbarwah,7,605.96,463.7,172,685,7.35,0.6357,22.2458,76.0511,98.47,32.92,863.6571111111108,45.15,2.72,32.67573333333334,18.721866666666667,,,,,,,False
Collem,River Water Discharge_Collem.xlsx,collem,10,110.59,475.68,74,761,14.36,0.6185,15.3386,74.2483,98.73,65.62,2603.9744444444445,37.18,11.89,31.21586666666666,21.550666666666665,,,,,,,False
Dabri,River Water Discharge_Dabri.xlsx,dabri,18,371.45,459.41,365,184,3.65,0.6527,23.1758,74.9319,98.61,34.36,885.6346666666666,45.32,2.94,32.427466666666675,18.697466666666667,,,,,,,False
Dameracherla,River Water Discharge_Dameracherla.xlsx,dameracherla,58,11800.71,431.85,53,677,2.75,0.6525,16.7392,79.6697,84.24,24.08,760.0115555555554,45.12,9.51,33.328399999999995,21.626266666666666,48.0,1090.4593750000001,0.6051708232551397,0.5404518456146337,0.3374702032407747,0.4910726515056483,True
Datuni at dudwas,River Water Discharge_Datuni at dudwas.xlsx,datuniatdudwas,7,599.39,396.94,284,364,5.11,0.6594,22.5672,76.6883,98.21,38.39,1047.4773333333333,45.64,2.52,32.54866666666666,18.435599999999997,,,,,,,False
Deb at khajuri,River Water Discharge_Deb at khajuri.xlsx,debatkhajuri,7,647.73,352.44,177,609,4.79,0.7116,21.9708,75.2578,96.26,29.51,706.7251111111112,45.31,4.51,33.116400000000006,19.479733333333332,,,,,,,False
Denwa at matkuli,River Water Discharge_Denwa at matkuli.xlsx,denwaatmatkuli,7,848.42,672.74,391,937,10.31,0.6517,22.5856,78.4594,97.77,52.22,1484.8588888888892,45.2,2.3,31.55013333333333,18.1232,,,,,,,False
Dhadgaon,River Water Discharge_Dhadgaon.xlsx,dhadgaon,6,318.51,669.1,325,975,13.75,0.6954,21.825,74.2239,95.1,23.31,712.978,44.59,3.51,33.395199999999996,19.932933333333335,,,,,,,False
Dhariawad,River Water Discharge_Dhariawad.xlsx,dhariawad,35,1338.35,439.04,214,375,4.29,0.6417,24.0864,74.4756,95.65,39.81,803.0753333333333,45.92,2.71,32.36639999999999,18.90613333333333,24.0,351.74583333333334,0.5732204320375024,0.42036702903883694,0.2870076241142879,0.4257206164191897,True
Dhule,River Water Discharge_Dhule.xlsx,dhule,7,2243.23,490.12,243,994,5.2,0.7438,20.9269,74.7994,88.62,22.11,588.8102222222223,43.58,5.07,33.06373333333333,19.59186666666667,,,,,,,False
Dindori,River Water Discharge_Dindori.xlsx,dindori,38,2509.82,834.28,650,497,7.36,0.6559,22.9478,81.0761,98.82,35.79,1327.4891111111112,45.34,3.6,31.798933333333327,18.9492,29.0,1762.0472413793102,0.33296411342393123,0.29180994811955774,0.19230718296682162,0.2237824465393902,True
Dipuru,River Water Discharge_Dipuru.xlsx,dipuru,8,858.14,141.57,46,868,3.99,0.6879,14.6186,79.5608,98.93,35.27,810.7157777777777,45.35,13.87,33.75293333333333,23.398933333333336,,,,,,,False
Doddipadu,River Water Discharge_Doddipadu.xlsx,doddipadu,12,3438.27,423.51,286,388,3.5,0.6674,15.74,78.0081,96.72,25.46,573.0286666666667,43.75,9.92,33.541866666666664,21.761466666666664,,,,,,,False
Dudhi at panagar,River Water Discharge_Dudhi at panagar.xlsx,dudhiatpanagar,7,924.3,523.92,327,885,8.07,0.6786,22.8369,78.6028,97.56,47.23,1251.396,45.2,2.3,31.55013333333333,18.1232,,,,,,,False
Elunuthimangalam,River Water Discharge_Elunuthimangalam.xlsx,elunuthimangalam,28,3528.18,368.73,135,1837,3.73,0.6756,11.0317,77.8875,67.71,19.0,673.4537777777776,37.54,11.73,29.8508,19.65866666666667,19.0,65.47999999999999,0.33712896576607515,0.16204854967741747,0.11372618883255012,0.39072880347806244,True
Errakalva    ananthapalli,River Water Discharge_Errakalva    ananthapalli.xlsx,errakalvaananthapalli,21,2013.65,163.12,33,725,4.31,0.6715,16.9806,81.4592,96.62,40.03,1110.5784444444444,44.58,11.48,32.40266666666666,22.3064,,,,,,,False
Fekoghat,River Water Discharge_Fekoghat.xlsx,fekoghat,38,905.64,101.09,43,379,3.16,0.6444,22.3086,86.9164,98.95,41.56,1406.2184444444445,46.42,5.06,32.065733333333334,20.97093333333333,,,,,,,False
Gagadio   sanaliya,River Water Discharge_Gagadio   sanaliya.xlsx,gagadiosanaliya,1,393.49,130.34,81,128,3.16,0.8252,21.5494,71.4239,97.75,22.78,560.05,42.8,5.38,33.08786666666667,20.844800000000003,,,,,,,False
Bamrul,River Water Discharge_Bamrul.xlsx,bamrul,2,1013.62,386.25,245,703,4.93,0.7279,20.6625,75.2703,96.61,32.31,724.1568888888888,44.52,5.76,33.17386666666667,19.55,,,,,,,False
Daredu,River Water Discharge_Daredu.xlsx,daredu,6,2904.13,248.7,118,632,3.82,0.6432,17.3794,80.1303,96.4,43.46,1088.5286666666666,45.75,10.4,33.296800000000005,22.230533333333334,,,,,,,False
Degloor,River Water Discharge_Degloor.xlsx,degloor,39,1977.22,500.44,355,334,3.72,0.6113,18.5456,77.5775,96.32,33.98,896.6286666666668,44.8,7.47,33.15520000000001,20.3824,22.0,597.0331818181818,0.5299831964932807,0.3791873456706305,0.10836226817838451,0.6885537260167967,True
Gandlapet,River Water Discharge_Gandlapet.xlsx,gandlapet,39,1470.23,428.22,312,357,3.64,0.6996,18.8211,78.4381,90.61,23.79,913.5755555555556,45.22,8.66,33.14253333333333,20.9028,25.0,445.8944,0.6163572959576675,0.3599079893759357,0.03367826129872296,1.7464314658921731,True
Ganjem,River Water Discharge_Ganjem.xlsx,ganjem,9,898.56,382.68,1,1023,12.25,0.5955,15.4708,74.0992,98.65,49.0,2361.4077777777775,37.18,11.89,31.21586666666666,21.550666666666665,,,,,,,False
Garimillapalli,River Water Discharge_Garimillapalli.xlsx,garimillapalli,9,827.39,210.81,152,350,3.31,0.6857,18.4469,79.7047,98.52,39.69,1129.867777777778,45.89,9.11,33.5316,21.628400000000003,,,,,,,False
Garimillapalli,River Water Discharge_Garimillapalli_2.xlsx,garimillapalli2,3,827.39,210.81,152,350,3.31,0.6857,18.4469,79.7047,98.52,39.69,1129.867777777778,45.89,9.11,33.5316,21.628400000000003,,,,,,,False
Gaur at bhalawara,River Water Discharge_Gaur at bhalawara.xlsx,gauratbhalawara,7,911.54,527.76,388,361,6.16,0.6681,23.1089,79.9883,98.54,42.33,1356.896,46.04,1.95,31.88053333333334,18.4156,,,,,,,False
Gavachi(ver),River Water Discharge_Gavachi(ver).xlsx,gavachiver,5,2920.32,176.61,4,777,5.46,0.7087,21.2544,73.13,97.67,34.06,1043.2342222222223,44.25,3.68,33.45973333333333,20.28,,,,,,,False
Halia,River Water Discharge_Halia.xlsx,halia,42,3398.18,323.92,128,576,3.49,0.6761,16.7882,79.3396,93.34,28.4,704.5724444444445,44.7,10.14,33.40839999999999,21.896,33.0,409.140303030303,0.6651938506684008,0.5886956685436207,0.42529727786117316,1.0026820773378393,True
Hamdapur,River Water Discharge_Hamdapur.xlsx,hamdapur,7,2042.91,346.87,214,392,4.22,0.6456,20.6806,78.8511,95.63,45.0,1040.934888888889,46.23,5.69,33.27853333333333,20.377733333333335,,,,,,,False
Harur,River Water Discharge_Harur.xlsx,harur,7,102.67,1081.39,456,1181,18.11,0.5984,11.9028,78.33,92.38,32.43,937.3235555555555,41.89,15.14,33.85373333333334,23.388399999999997,,,,,,,False
Hathed at misrod,River Water Discharge_Hathed at misrod.xlsx,hathedatmisrod,7,479.23,358.17,291,367,4.65,0.7284,22.6386,77.5594,98.78,53.78,1153.0124444444446,45.14,1.82,31.883066666666668,18.10266666666667,,,,,,,False
Hemavathy reservoir,River Water Discharge_Hemavathy reservoir.xlsx,hemavathyreservoir,1,1393.32,963.73,876,547,8.0,0.6037,12.822,76.0542,83.22,32.91,1132.7986666666668,36.34,11.0,29.3308,19.525599999999997,,,,,,,False
Hiran at singaldeep,River Water Discharge_Hiran at singaldeep.xlsx,hiranatsingaldeep,7,2830.36,432.61,357,308,4.73,0.7108,23.3861,79.9089,98.81,41.76,1283.6468888888887,45.99,1.97,31.840666666666667,18.390800000000002,,,,,,,False
Hogenakkal,River Water Discharge_Hogenakkal.xlsx,hogenakkal,27,1597.28,740.0,257,1130,8.34,0.654,12.1211,77.7819,95.37,29.04,836.9291111111112,39.44,10.69,30.94093333333333,19.941333333333333,18.0,33.84277777777778,0.552751139689587,0.40657870141486413,0.22856174542252147,0.22568317213204064,True
Hommaragalli,River Water Discharge_Hommaragalli.xlsx,hommaragalli,7,3473.15,795.1,623,1413,7.18,0.6276,12.1142,76.4631,67.85,24.14,1340.69,35.78,10.15,28.3472,18.353066666666663,,,,,,,False
Indra at khapriya,River Water Discharge_Indra at khapriya.xlsx,indraatkhapriya,7,477.13,338.36,283,367,3.88,0.7265,22.5722,77.4817,98.16,45.95,1161.433111111111,45.14,1.82,31.883066666666668,18.10266666666667,,,,,,,False
Jamner at sandalpur,River Water Discharge_Jamner at sandalpur.xlsx,jamneratsandalpur,7,595.66,377.23,275,304,4.87,0.6933,22.5775,76.9714,98.99,45.1,1079.176888888889,45.61,2.51,32.52053333333333,18.421333333333333,,,,,,,False
Jannapura,River Water Discharge_Jannapura.xlsx,jannapura,8,770.16,1039.88,924,943,5.53,0.6163,13.0564,75.9614,92.35,28.76,900.6306666666666,36.58,10.73,29.477200000000007,19.332133333333335,,,,,,,False
Jannepally,River Water Discharge_Jannepally.xlsx,jannepally,8,608.05,419.49,342,287,3.78,0.7416,18.8136,78.0633,98.93,34.46,909.2846666666668,45.22,8.66,33.14253333333333,20.9028,,,,,,,False
Jaraikela,River Water Discharge_Jaraikela.xlsx,jaraikela,54,11489.17,541.21,198,890,6.06,0.6323,22.3261,85.08,80.78,33.91,1368.2802222222222,45.21,2.02,31.359333333333332,19.397866666666665,50.0,3035.3956000000007,0.4006431857729862,0.32108764979773896,0.21950852474638963,0.03509039128599585,True
Jeeraguda,River Water Discharge_Jeeraguda.xlsx,jeeraguda,7,2045.8,807.18,542,1122,8.16,0.6078,18.9492,82.4061,96.55,40.19,1396.9655555555553,43.08,9.81,31.862000000000002,21.90026666666667,,,,,,,False
Jotasan,River Water Discharge_Jotasan.xlsx,jotasan,28,2008.59,626.97,285,893,12.89,0.6535,24.3556,73.1681,87.0,23.47,692.6464444444445,45.32,1.52,32.13986666666667,18.4256,,,,,,,False
K.m. vadi,River Water Discharge_K.m. vadi.xlsx,kmvadi,47,1491.33,866.27,768,827,5.21,0.6163,12.3472,76.2922,85.91,21.16,1056.0951111111115,35.85,9.07,28.049066666666665,17.83106666666667,35.0,239.5074285714286,0.32455069550306753,0.34434203992342866,0.21480536853362314,0.5725048371546404,True
Kalampur,River Water Discharge_Kalampur.xlsx,kalampur,40,600.31,183.32,3,1173,11.15,0.6172,9.9906,76.6322,98.76,46.95,3018.7211111111114,35.92,15.52,29.921333333333333,21.163733333333333,29.0,415.33655172413796,0.20826246671344448,0.26823848331083966,0.15059132226957744,1.5179173646198378,True
Kalasapadu,River Water Discharge_Kalasapadu.xlsx,kalasapadu,8,1191.92,380.59,183,694,9.49,0.7408,15.1125,78.9381,97.63,28.34,648.852,44.79,11.91,34.236799999999995,22.930933333333332,,,,,,,False
Kalimachak at charuwa,River Water Discharge_Kalimachak at charuwa.xlsx,kalimachakatcharuwa,7,286.94,397.5,280,376,6.46,0.6589,22.0736,76.9144,97.97,18.55,1104.519777777778,45.2,3.96,32.5336,19.062933333333334,,,,,,,False
Kallooppara,River Water Discharge_Kallooppara.xlsx,kallooppara,41,709.89,171.79,1,1403,12.27,0.6265,9.4036,76.6503,98.99,40.65,3617.6879999999996,36.58,16.81,30.81493333333334,22.310266666666667,35.0,705.3345714285715,0.27049564915935836,0.5047088974966523,0.5498110060868668,3.7164760330311846,False
Kalpadai,River Water Discharge_Kalpadai.xlsx,kalpadai,8,129.86,756.14,206,903,12.46,0.6473,11.7872,78.7867,98.42,43.39,924.5333333333333,41.89,15.14,33.85373333333334,23.388399999999997,,,,,,,False
Kamalapuram,River Water Discharge_Kamalapuram.xlsx,kamalapuram,35,7313.98,541.28,125,1243,5.71,0.6727,14.5806,78.6778,74.24,21.04,636.3073333333334,41.79,11.31,32.25546666666666,21.305466666666668,25.0,217.4952,0.6622961487579188,0.5657381379595496,0.3458932058531439,0.7641975589901842,True
Kamarajupeta,River Water Discharge_Kamarajupeta.xlsx,kamarajupeta,4,125.97,188.41,78,565,8.16,0.6123,17.3072,81.9153,96.95,39.34,1092.5255555555557,44.48,11.41,32.285066666666665,22.232400000000002,,,,,,,False
Kanas (s),River Water Discharge_Kanas (s).xlsx,kanass,1,1191.54,36.3,1,296,2.6,0.672,20.0039,85.6436,96.16,44.66,1393.7797777777778,42.61,7.99,31.764266666666668,21.40333333333333,,,,,,,False
Kaner at mendhikheda,River Water Discharge_Kaner at mendhikheda.xlsx,kaneratmendhikheda,7,1020.09,440.45,209,551,6.08,0.631,22.4086,76.2197,97.46,29.32,871.6715555555558,45.31,2.78,32.595466666666674,18.54093333333333,,,,,,,False
Kanodar,River Water Discharge_Kanodar.xlsx,kanodar,1,221.12,237.96,164,593,4.16,0.7195,24.0739,72.3939,98.92,20.5,710.3357777777777,46.55,1.84,32.65546666666666,18.967066666666668,,,,,,,False
Karam at dahiwar,River Water Discharge_Karam at dahiwar.xlsx,karamatdahiwar,7,655.0,471.98,166,704,7.55,0.6618,22.2229,75.5309,98.75,43.4,861.759111111111,45.2,2.37,32.74066666666666,18.8676,,,,,,,False
Karanjkuwa,River Water Discharge_Karanjkuwa.xlsx,karanjkuwa,6,158.52,412.82,205,526,7.98,0.7208,21.3536,74.2017,98.48,21.25,590.5268888888888,44.6,3.51,33.39373333333333,19.9272,,,,,,,False
Karoti,River Water Discharge_Karoti.xlsx,karoti,3,482.13,363.94,235,1466,6.5,0.7136,24.5933,72.5633,97.88,16.57,728.9344444444445,46.55,1.84,32.65546666666666,18.967066666666668,,,,,,,False
Katangatola,River Water Discharge_Katangatola.xlsx,katangatola,7,824.72,583.66,441,464,5.75,0.6481,22.5178,80.4067,97.22,35.43,1432.8495555555558,45.45,3.31,31.981733333333334,18.765733333333333,,,,,,,False
Kattaleru   tiruvuru,River Water Discharge_Kattaleru   tiruvuru.xlsx,kattalerutiruvuru,16,314.13,144.49,82,207,3.18,0.7004,17.0925,80.6156,96.99,45.8,1047.6646666666666,45.84,10.9,32.995333333333335,22.410266666666665,,,,,,,False
Keesara,River Water Discharge_Keesara.xlsx,keesara,61,3602.28,118.89,24,771,3.48,0.6687,16.7147,80.3203,92.27,29.74,1018.416,45.8,11.3,33.1224,22.649066666666666,53.0,2207.805283018868,0.48469341033787333,0.30403218805757287,0.07146825133584943,0.536819419625512,True
Kelo at raigarh,River Water Discharge_Kelo at raigarh.xlsx,keloatraigarh,31,1199.19,331.62,202,565,5.98,0.6491,21.8911,83.3992,97.07,35.42,1408.351777777778,45.46,2.58,31.755466666666663,19.396533333333334,,,,,,,False
Kesrali,River Water Discharge_Kesrali.xlsx,kesrali,1,2671.01,475.4,337,389,3.46,0.6035,18.6611,77.6792,98.94,30.48,889.3404444444446,44.74,7.35,33.23040000000001,20.267999999999997,,,,,,,False
Khadakewada,River Water Discharge_Khadakewada.xlsx,khadakewada,2,699.23,654.87,539,499,7.06,0.6134,16.4125,74.3139,98.15,30.1,1479.1162222222224,38.68,10.55,31.422399999999996,20.881066666666666,,,,,,,False
Khadka,River Water Discharge_Khadka.xlsx,khadka,8,4759.98,367.49,238,331,3.25,0.6522,19.9103,78.1853,90.26,40.44,960.4924444444446,46.08,6.35,33.567466666666675,20.42253333333333,,,,,,,False
Khandiovari,River Water Discharge_Khandiovari.xlsx,khandiovari,7,1295.97,474.9,266,678,10.24,0.6744,24.0114,73.6642,98.51,31.15,640.0037777777777,45.17,1.75,32.18760000000001,18.508133333333333,,,,,,,False
Khanditar,River Water Discharge_Khanditar.xlsx,khanditar,22,14655.05,195.89,2,1177,6.35,0.6723,20.8122,86.1986,92.1,31.48,1428.3371111111112,44.4,6.33,32.197066666666665,20.87906666666667,22.0,32561.957727272726,0.9101538021840826,0.9731461008264175,0.9782153209751644,9.837380044199735,False
Khariya,River Water Discharge_Khariya.xlsx,khariya,5,6178.03,573.6,280,888,7.1,0.6747,21.5961,76.8625,88.1,33.86,1059.1551111111112,45.36,4.88,32.679333333333325,19.58226666666667,,,,,,,False
Kheda,River Water Discharge_Kheda.xlsx,kheda,34,3270.83,158.4,6,373,3.53,0.6508,22.7458,72.68,98.54,35.33,743.2586666666666,44.53,3.02,32.73493333333333,19.398400000000006,,,,,,,False
Khedbrahma,River Water Discharge_Khedbrahma.xlsx,khedbrahma,1,712.0,386.74,195,653,11.32,0.6876,24.0344,73.0494,98.48,26.43,718.2397777777778,44.97,2.05,32.25333333333333,18.622,,,,,,,False
Khorsi_balodabazar,River Water Discharge_Khorsi_balodabazar.xlsx,khorsibalodabazar,1,518.02,270.05,232,95,2.8,0.6274,21.6528,82.1922,98.84,48.6,1144.3597777777775,46.13,5.31,32.392,20.04413333333333,,,,,,,False
Kodaganar dam,River Water Discharge_Kodaganar dam.xlsx,kodaganardam,1,1756.96,399.57,191,1751,6.44,0.7629,10.5931,77.9719,97.91,33.15,731.2197777777777,38.93,14.96,31.958933333333327,22.118000000000002,,,,,,,False
Kogaon,River Water Discharge_Kogaon.xlsx,kogaon,49,4182.95,370.1,152,834,4.83,0.6894,22.1011,75.6847,96.53,29.03,764.2739999999999,45.33,4.52,33.10106666666667,19.459333333333337,43.0,2135.5581395348836,0.4566160601822539,0.3076059490698706,0.1494000022988026,0.08644734498672024,True
Kokkedoddy,River Water Discharge_Kokkedoddy.xlsx,kokkedoddy,8,4257.05,804.5,373,1094,5.08,0.6201,12.2961,77.4408,85.75,19.14,797.6668888888889,39.18,10.49,30.596799999999998,19.663999999999998,,,,,,,False
Kolar at mahgaon,River Water Discharge_Kolar at mahgaon.xlsx,kolaratmahgaon,7,954.18,468.98,291,347,4.65,0.6545,22.7136,77.3664,98.54,38.53,1121.024222222222,45.46,1.86,31.945999999999998,18.233866666666664,,,,,,,False
Koli(bk),River Water Discharge_Koli(bk).xlsx,kolibk,8,3100.76,375.01,254,321,3.2,0.6372,20.0414,78.1667,92.59,41.86,946.6173333333334,46.1,6.34,33.57213333333333,20.42826666666667,,,,,,,False
Koliari   rampur,River Water Discharge_Koliari   rampur.xlsx,koliarirampur,1,1207.26,251.46,132,539,5.39,0.6217,22.8781,73.8239,98.01,24.59,840.2131111111111,45.27,3.73,33.44626666666667,20.329333333333334,,,,,,,False
Kondazhy,River Water Discharge_Kondazhy.xlsx,kondazhy,7,1055.11,184.89,25,1591,8.54,0.6333,10.7233,76.4019,97.07,44.29,2158.206666666667,35.28,13.03,28.53546666666667,19.386133333333333,,,,,,,False
Kothapalle (sileru),River Water Discharge_Kothapalle (sileru).xlsx,kothapallesileru,6,3416.11,729.82,57,1463,15.26,0.6199,17.8253,81.5528,97.43,39.26,1210.4720000000002,43.32,10.87,31.88186666666667,22.2168,,,,,,,False
Kottapuram,River Water Discharge_Kottapuram.xlsx,kottapuram,7,97.73,97.3,5,502,10.8,0.6094,10.6778,76.2006,98.24,59.5,2415.9764444444445,35.28,13.03,28.53546666666667,19.386133333333333,,,,,,,False
Kovvada kalva near dommeru,River Water Discharge_Kovvada kalva near dommeru.xlsx,kovvadakalvaneardommeru,21,334.67,50.2,13,175,2.52,0.7069,17.0181,81.6644,98.3,40.56,975.3522222222225,44.48,11.41,32.28653333333333,22.2336,,,,,,,False
Kovvadakalva   pragadapalli,River Water Discharge_Kovvadakalva   pragadapalli.xlsx,kovvadakalvapragadapalli,18,1102.64,312.25,2,1031,14.53,0.6308,17.2139,81.5967,95.78,43.94,1162.586888888889,44.48,11.41,32.285066666666665,22.232400000000002,,,,,,,False
Koyna,River Water Discharge_Koyna.xlsx,koyna,36,492.87,816.33,568,650,13.66,0.5403,17.4,73.75,97.53,52.78,1570.528222222222,38.29,9.52,30.838399999999996,20.505866666666666,34.0,1079.6608823529411,0.4852077859563598,0.26038381850802067,0.045725117189319084,0.6414899410014168,True
Kudlur,River Water Discharge_Kudlur.xlsx,kudlur,27,735.04,844.44,443,1226,13.45,0.6137,11.8406,77.4628,98.87,29.14,778.8857777777778,38.02,11.23,30.075066666666675,19.656799999999997,17.0,39.462941176470586,0.4785427877234041,0.24924775728880788,0.1747935281763021,0.6295416504332461,True
Kukshi,River Water Discharge_Kukshi.xlsx,kukshi,4,811.26,296.25,150,423,4.52,0.6742,22.2078,74.7836,98.36,29.74,749.0453333333335,45.31,2.77,32.98013333333333,19.606266666666667,,,,,,,False
Kundanpur,River Water Discharge_Kundanpur.xlsx,kundanpur,21,4342.02,453.6,261,346,3.9,0.6558,23.3778,74.6067,92.4,31.34,892.9742222222224,45.07,2.56,32.56333333333334,18.872933333333332,,,,,,,False
Kunturla (machkund),River Water Discharge_Kunturla (machkund).xlsx,kunturlamachkund,8,752.69,1090.4,849,781,15.72,0.6084,18.1992,82.6497,98.78,26.86,1020.0455555555557,43.06,10.02,31.845200000000006,21.984933333333334,,,,,,,False
Kurubhata,River Water Discharge_Kurubhata.xlsx,kurubhata,48,5115.37,458.93,204,943,6.39,0.6703,21.9811,83.2106,88.98,41.95,1476.7917777777775,45.3,2.39,31.662666666666663,19.35266666666667,28.0,1505.671785714286,0.19566100620926383,0.04381517873982237,0.041567998990362204,1.0245307869046936,True
Lakkavalli,River Water Discharge_Lakkavalli.xlsx,lakkavalli,8,2106.93,912.77,606,1312,11.52,0.5896,13.7064,75.6447,78.24,41.07,1846.9557777777773,36.56,10.74,29.475066666666667,19.341066666666666,,,,,,,False
Lakshmananpatti,River Water Discharge_Lakshmananpatti.xlsx,lakshmananpatti,6,1428.26,431.58,210,1732,7.09,0.7609,10.4981,77.9458,97.91,33.15,731.2197777777777,38.96,15.0,32.004000000000005,22.167466666666666,,,,,,,False
Lasur,River Water Discharge_Lasur.xlsx,lasur,3,2356.9,653.42,529,993,6.11,0.6351,19.9375,74.025,89.53,34.64,1134.3515555555555,40.44,7.37,32.17653333333334,20.479866666666666,,,,,,,False
Lohara,River Water Discharge_Lohara.xlsx,lohara,6,2511.5,411.74,241,388,4.09,0.6565,20.8164,76.7639,93.48,42.99,776.7913333333333,45.63,5.77,33.57986666666666,20.154933333333332,,,,,,,False
Lonkheda,River Water Discharge_Lonkheda.xlsx,lonkheda,6,911.79,333.5,131,861,6.79,0.8003,21.5667,74.4847,94.23,19.11,693.9846666666667,44.6,3.51,33.39373333333333,19.9272,,,,,,,False
M.h. halli,River Water Discharge_M.h. halli.xlsx,mhhalli,48,3094.91,980.34,839,1028,6.09,0.603,12.82,76.1411,80.07,21.76,1006.4853333333331,36.39,10.57,29.213333333333335,19.167333333333332,36.0,588.6016666666667,0.4442213796729159,0.3661520114850436,0.18647501943780048,0.11661404347024312,True
Maan at gopalpura,River Water Discharge_Maan at gopalpura.xlsx,maanatgopalpura,7,1001.35,453.51,189,559,6.81,0.6808,22.2615,75.1019,97.99,40.81,851.4935555555555,45.2,2.37,32.74280000000001,18.874133333333333,,,,,,,False
Machak at barangi,River Water Discharge_Machak at barangi.xlsx,machakatbarangi,7,510.5,390.63,264,480,6.02,0.6786,22.2169,76.945,98.68,43.63,1132.3013333333333,45.16,1.91,31.929733333333335,18.135733333333334,,,,,,,False
Pachegaon,River Water Discharge_Pachegaon.xlsx,pachegaon,42,5889.89,680.21,467,1070,6.3,0.6878,19.5353,74.8336,76.13,20.94,591.7411111111112,42.28,5.39,32.51746666666666,18.851999999999997,,,,,,,False
Padampur,River Water Discharge_Padampur.xlsx,padampur,11,2591.09,287.13,166,842,5.62,0.6679,21.0158,83.1031,93.52,44.22,1273.0368888888886,46.24,5.38,32.45173333333334,19.986666666666668,,,,,,,False
Palakmati at sohagpur,River Water Discharge_Palakmati at sohagpur.xlsx,palakmatiatsohagpur,7,95.52,381.07,324,221,5.03,0.6831,22.6969,78.2014,97.92,61.58,1379.3608888888887,45.2,2.3,31.55013333333333,18.1232,,,,,,,False
Paleru bridge,River Water Discharge_Paleru bridge.xlsx,palerubridge,55,2831.59,189.4,72,421,2.52,0.6157,16.9489,80.0492,95.28,30.87,909.3344444444446,45.87,9.76,33.5816,22.137200000000004,47.0,469.2155319148936,0.5706303072546203,0.47582126780899087,0.30859544559639324,0.28768297110700736,True
Pallamala,River Water Discharge_Pallamala.xlsx,pallamala,8,401.43,166.27,27,913,8.88,0.7282,13.7181,79.7925,98.29,49.95,1054.686,44.22,13.68,33.22266666666666,22.974000000000004,,,,,,,False
Pallippady,River Water Discharge_Pallippady.xlsx,pallippady,7,600.32,183.32,3,1173,11.15,0.6173,10.0394,76.6164,98.76,46.95,3018.7211111111114,35.92,15.52,29.921333333333333,21.163733333333333,,,,,,,False
Panam at santrod,River Water Discharge_Panam at santrod.xlsx,panamatsantrod,1,1141.48,256.58,141,530,5.55,0.6209,22.8003,73.7872,98.01,24.59,840.2131111111111,45.26,3.69,33.42946666666666,20.30346666666667,,,,,,,False
Parmanpur,River Water Discharge_Parmanpur.xlsx,parmanpur,24,3188.07,331.52,193,625,6.64,0.6473,21.7894,84.1061,98.7,47.67,1488.0211111111114,45.56,4.5,32.2972,19.970399999999998,,,,,,,False
Patan,River Water Discharge_Patan.xlsx,patan,47,4387.78,430.0,332,420,4.53,0.7022,23.3117,79.6628,98.81,43.59,1321.7782222222222,45.87,2.07,31.77026666666666,18.361333333333334,35.0,1190.2697142857144,0.2540729981855111,-0.06873484458281416,0.08752054997726313,3.849081297094252,False
Pati,River Water Discharge_Pati.xlsx,pati,24,1817.36,456.9,188,833,6.93,0.7044,21.9436,74.7458,96.18,21.33,681.3915555555556,44.76,3.89,33.28853333333334,19.7576,17.0,744.5905882352943,0.5646425117948747,0.40330552900112066,0.09057277583955052,1.128340600227201,True
Pedageddada,River Water Discharge_Pedageddada.xlsx,pedageddada,17,130.5,493.4,217,712,18.25,0.6226,17.4692,81.7342,95.78,43.94,1162.586888888889,44.48,11.41,32.285066666666665,22.232400000000002,,,,,,,False
Penuganchi prolu,River Water Discharge_Penuganchi prolu.xlsx,penuganchiprolu,5,6799.82,228.43,40,710,3.18,0.6404,16.9072,80.2511,97.44,35.16,1027.7597777777776,45.73,10.38,33.35946666666667,22.23506666666667,,,,,,,False
Pillaperu riverr   narravada.,River Water Discharge_Pillaperu riverr   narravada..xlsx,pillaperuriverrnarravada,12,772.63,252.92,94,931,7.52,0.6557,14.9289,79.4211,97.99,43.15,761.0917777777777,45.46,13.55,33.861599999999996,23.430266666666668,,,,,,,False
Pipriya,River Water Discharge_Pipriya.xlsx,pipriya,7,261.55,527.61,321,464,9.64,0.595,21.3408,80.5547,98.58,39.69,1049.2348888888887,45.9,4.55,32.520533333333326,19.66786666666667,,,,,,,False
Pookkayam,River Water Discharge_Pookkayam.xlsx,pookkayam,7,180.75,451.8,59,1287,18.52,0.6291,12.4585,75.2763,98.84,78.66,3384.4904444444446,36.33,11.31,29.358133333333335,19.77733333333333,,,,,,,False
Potteru (potteruvagu),River Water Discharge_Potteru (potteruvagu).xlsx,potterupotteruvagu,28,4544.62,748.36,126,1551,12.09,0.6224,18.1894,81.7981,93.84,38.64,1319.3391111111114,43.13,9.98,31.89266666666666,21.970533333333332,,,,,,,False
Prakasha(damarkheda),River Water Discharge_Prakasha(damarkheda).xlsx,prakashadamarkheda,5,1390.23,356.96,112,1084,7.57,0.8073,21.5178,74.3969,93.03,18.02,703.2717777777777,44.6,3.51,33.39373333333333,19.9272,,,,,,,False
Pratappur,River Water Discharge_Pratappur.xlsx,pratappur,9,1874.17,725.05,518,1019,7.89,0.6897,19.5194,74.3828,84.8,22.22,649.5186666666667,41.67,6.03,32.36893333333333,19.252266666666667,,,,,,,False
Pudunagara,River Water Discharge_Pudunagara.xlsx,pudunagara,6,255.01,981.04,590,1225,9.72,0.6046,12.0694,77.4094,98.86,26.94,707.4117777777778,38.26,11.1,30.214133333333333,19.684,,,,,,,False
Pudur,River Water Discharge_Pudur.xlsx,pudur,41,2792.74,411.32,43,2465,7.71,0.6647,10.7775,76.5122,83.45,27.09,1178.6064444444444,36.24,13.38,29.300666666666665,19.842400000000005,32.0,180.105,0.4675247682579428,0.5090387731725351,0.30677331362016724,0.7033754293815104,True
Pulamanthole,River Water Discharge_Pulamanthole.xlsx,pulamanthole,40,910.1,304.86,7,2366,12.21,0.6132,10.8981,76.1919,98.1,36.95,1940.1155555555558,35.53,12.45,28.60266666666667,19.24706666666667,33.0,662.4812121212121,0.2606821211167566,0.251681465041085,0.202126262488649,0.5954925809749768,True
Pullakkayar,River Water Discharge_Pullakkayar.xlsx,pullakkayar,7,103.23,500.29,82,1322,23.2,0.6248,9.5744,76.8861,98.01,35.95,2167.517111111111,36.58,16.81,30.81493333333334,22.310266666666667,,,,,,,False
Rahu,River Water Discharge_Rahu.xlsx,rahu,3,3020.94,659.96,502,825,8.44,0.629,18.5722,74.2736,77.94,25.17,1118.9953333333335,39.14,8.43,31.22426666666666,20.202133333333336,,,,,,,False
Rambhapur,River Water Discharge_Rambhapur.xlsx,rambhapur,21,661.86,350.11,244,244,5.02,0.6397,22.9517,74.4511,98.64,36.04,828.1386666666668,45.1,2.45,32.5396,18.923200000000005,,,,,,,False
Rampur,River Water Discharge_Rampur.xlsx,rampur,55,3646.52,347.3,203,672,5.46,0.6562,21.6472,82.5161,97.57,31.83,1267.497111111111,46.31,5.54,32.48826666666667,20.099066666666666,38.0,1831.9315789473683,0.45407526773930385,0.31542454914830403,0.24069350187433977,0.20451261368654042,True
Rangeli,River Water Discharge_Rangeli.xlsx,rangeli,46,9335.19,385.34,149,872,6.52,0.6612,23.8722,74.2233,74.79,28.87,699.9028888888888,45.36,2.47,32.3148,18.7612,,,,,,,False
Ratanpur,River Water Discharge_Ratanpur.xlsx,ratanpur,35,3099.8,164.86,26,353,3.53,0.6477,22.9756,72.8836,98.54,35.33,743.2586666666666,44.5,2.9,32.662400000000005,19.3036,,,,,,,False
Rayachoti,River Water Discharge_Rayachoti.xlsx,rayachoti,6,336.71,508.77,340,740,9.4,0.6909,14.0667,78.7553,97.9,29.47,715.2677777777777,42.02,11.33,32.36626666666666,21.38906666666667,,,,,,,False
Sakleshpur,River Water Discharge_Sakleshpur.xlsx,sakleshpur,24,617.73,972.71,889,534,8.71,0.6157,12.9433,75.7939,98.02,38.9,1424.2946666666667,36.41,10.87,29.44893333333333,19.43893333333333,15.0,566.8873333333333,0.3485892972434094,0.4716841276313136,0.38663389274112575,1.3311312108396618,True
Salebhata,River Water Discharge_Salebhata.xlsx,salebhata,54,4890.97,257.66,125,883,5.23,0.67,20.9831,83.5369,92.12,41.84,1319.210888888889,46.02,5.49,32.470800000000004,20.016133333333332,47.0,2585.5170212765956,0.45041884740513033,0.3495516263737917,0.24734473807839075,0.05210892062134129,True
Samdoli (seasonal),River Water Discharge_Samdoli (seasonal).xlsx,samdoliseasonal,62,2122.92,666.7,531,578,7.11,0.6324,16.8564,74.4967,97.78,35.25,1237.0977777777778,38.55,10.3,31.268133333333342,20.766800000000003,49.0,1549.1069387755101,0.17807228913810877,0.059391908926977634,0.13879749813134232,1.491855386851995,True
Sanarpatti,River Water Discharge_Sanarpatti.xlsx,sanarpatti,1,102.54,444.83,306,940,8.48,0.8113,10.2856,78.0961,94.94,40.93,920.104666666667,40.39,16.23,33.76786666666667,24.070533333333334,,,,,,,False
Saner at chargawan,River Water Discharge_Saner at chargawan.xlsx,saneratchargawan,7,592.68,489.45,346,286,5.76,0.6503,23.0533,79.5992,98.97,37.07,1241.7622222222221,45.22,2.69,31.679466666666666,18.5584,,,,,,,False
Sangam (murredu),River Water Discharge_Sangam (murredu).xlsx,sangammurredu,10,1699.99,186.36,53,739,5.53,0.6836,17.5936,80.8217,98.83,31.72,1068.2004444444444,45.84,10.9,32.995333333333335,22.410266666666665,,,,,,,False
Sanoor,River Water Discharge_Sanoor.xlsx,sanoor,8,51.36,87.8,38,210,6.92,0.5712,13.1808,74.9944,98.55,57.59,3618.4322222222227,36.23,11.06,29.5404,19.5268,,,,,,,False
Seedhi,River Water Discharge_Seedhi.xlsx,seedhi,13,1170.88,379.68,37,1458,13.88,0.6503,18.7219,84.0436,98.4,42.65,1043.2177777777777,42.4,9.1,32.1272,22.036400000000004,,,,,,,False
Seethapalli,River Water Discharge_Seethapalli.xlsx,seethapalli,11,477.82,397.57,101,932,15.29,0.6183,17.3969,81.7864,95.78,43.94,1162.586888888889,44.48,11.41,32.285066666666665,22.232400000000002,,,,,,,False
Sevanur,River Water Discharge_Sevanur.xlsx,sevanur,27,44299.03,792.58,166,1870,5.8,0.6362,11.5519,77.7319,43.21,13.93,874.8804444444445,37.14,10.02,29.315066666666674,18.7916,,,,,,,False
Sharad,River Water Discharge_Sharad.xlsx,sharad,8,913.13,340.94,240,241,4.31,0.6497,19.97,78.3353,98.51,46.66,1067.3957777777778,46.62,6.52,33.846666666666664,20.86426666666667,,,,,,,False
Machna at shahpur,River Water Discharge_Machna at shahpur.xlsx,machnaatshahpur,7,995.08,621.69,382,498,4.76,0.6445,22.1947,77.8983,97.75,39.52,1081.9171111111111,45.16,3.73,32.324133333333336,18.974,,,,,,,False
Machrewa at bakori,River Water Discharge_Machrewa at bakori.xlsx,machrewaatbakori,7,525.73,581.53,375,523,6.94,0.6725,22.8442,79.3656,98.13,40.23,1173.5037777777782,45.24,2.7,31.68919999999999,18.589066666666664,,,,,,,False
Madhira,River Water Discharge_Madhira.xlsx,madhira,42,1754.25,129.34,42,753,3.91,0.6607,16.9181,80.3589,90.93,29.35,989.7911111111113,45.83,10.99,33.024133333333324,22.462533333333333,34.0,584.8120588235295,0.48217360017531113,0.3368605104433508,0.1467028244694122,0.1634576616768003,True
Madhya bharat paper ltd (mbpl),River Water Discharge_Madhya bharat paper ltd (mbpl).xlsx,madhyabharatpaperltdmbpl,1,3798.89,408.07,194,855,6.01,0.6594,22.0131,82.6478,95.55,49.02,1434.5397777777778,45.45,4.01,31.7436,19.421733333333336,,,,,,,False
Magaral,River Water Discharge_Magaral.xlsx,magaral,55,4067.25,292.04,57,1090,6.43,0.7014,12.7083,79.75,95.06,32.21,1002.9666666666664,43.02,14.06,33.18533333333333,22.959466666666664,35.0,292.81714285714287,0.6673025641378849,0.46717005707872916,0.18563426567934924,1.097715046773888,True
Mahanadi_ arang,River Water Discharge_Mahanadi_ arang.xlsx,mahanadiarang,3,11343.45,421.27,247,716,4.67,0.6687,21.1619,82.0197,90.57,41.6,1312.5980000000002,46.02,5.5,32.397999999999996,19.864800000000002,,,,,,,False
Mahanadi_ kasdol,River Water Discharge_Mahanadi_ kasdol.xlsx,mahanadikasdol,2,13935.55,397.18,212,751,4.45,0.6655,21.6389,82.3917,90.73,36.78,1296.8766666666668,46.06,5.59,32.4068,19.916666666666668,,,,,,,False
Malpur,River Water Discharge_Malpur.xlsx,malpur,2,363.67,353.8,201,445,4.15,0.7675,21.2736,74.5028,98.48,21.25,590.5268888888888,44.6,3.51,33.39373333333333,19.9272,,,,,,,False
Manakkad,River Water Discharge_Manakkad.xlsx,manakkad,7,320.85,421.61,21,1245,15.17,0.6026,9.9089,76.6961,98.95,43.41,3023.2862222222225,36.58,16.81,30.81493333333334,22.310266666666667,,,,,,,False
Mandal,River Water Discharge_Mandal.xlsx,mandal,6,736.69,322.0,151,662,5.66,0.7571,21.3442,74.9044,95.7,29.31,664.3748888888889,44.83,4.01,33.255199999999995,19.702133333333332,,,,,,,False
Mandalapadu,River Water Discharge_Mandalapadu.xlsx,mandalapadu,5,95.72,156.49,111,178,3.84,0.719,17.2047,80.715,96.99,45.8,1047.6646666666666,45.84,10.9,32.995333333333335,22.410266666666665,,,,,,,False
Manendragarh,River Water Discharge_Manendragarh.xlsx,manendragarh,37,1111.06,668.44,414,634,5.63,0.6285,23.2014,82.2144,97.7,46.91,1295.1631111111112,45.97,1.6,31.503866666666667,18.5892,30.0,402.089,0.45639249593709497,0.497968871712665,0.3467327219906584,0.5542705342728005,True
Mangaon,River Water Discharge_Mangaon.xlsx,mangaon,13,525.37,129.91,1,1050,8.39,0.6456,18.2314,73.2831,98.89,72.25,2534.142888888889,38.69,8.6,31.09933333333333,20.463733333333334,,,,,,,False
Manikal,River Water Discharge_Manikal.xlsx,manikal,7,158.62,420.42,57,1347,21.11,0.6173,9.5311,76.9122,98.01,35.95,2167.517111111111,36.58,16.81,30.81493333333334,22.310266666666667,,,,,,,False
Manot,River Water Discharge_Manot.xlsx,manot,50,5342.72,766.21,440,707,7.18,0.6411,22.7358,80.5131,91.07,41.49,1378.3477777777775,45.46,3.66,31.8428,18.78466666666667,45.0,2782.9702222222218,0.3234498979384185,0.1637459390279846,0.09502116775875223,0.32205741424343637,True
Maruthankuzhy,River Water Discharge_Maruthankuzhy.xlsx,maruthankuzhy,1,528.86,146.99,1,1700,9.74,0.6253,8.5128,76.9819,98.7,38.33,1681.9726666666668,37.24,18.16,32.103333333333346,23.619066666666665,,,,,,,False
Mat sekawi,River Water Discharge_Mat sekawi.xlsx,matsekawi,11,2244.12,391.27,2,2068,16.22,0.6409,24.8294,92.8867,94.16,37.71,2273.347333333333,36.98,4.2,28.01746666666667,17.8208,,,,,,,False
Mat-2,River Water Discharge_Mat-2.xlsx,mat2,8,1042.94,652.5,103,1797,24.52,0.5875,23.8958,92.8686,96.4,53.04,2569.1371111111116,36.16,4.49,27.982000000000003,17.933866666666667,,,,,,,False
Mat-i,River Water Discharge_Mat-i.xlsx,mati,12,162.01,917.31,493,1117,23.09,0.5864,23.3164,92.8111,97.27,53.08,2547.106222222222,36.16,4.49,27.982000000000003,17.933866666666667,,,,,,,False
Mayambadi,River Water Discharge_Mayambadi.xlsx,mayambadi,8,118.03,796.19,221,1073,15.89,0.6141,11.7375,78.7908,98.42,43.39,924.5333333333333,41.89,15.14,33.85373333333334,23.388399999999997,,,,,,,False
Meghraj,River Water Discharge_Meghraj.xlsx,meghraj,1,616.97,235.53,148,231,4.87,0.6582,23.4947,73.5153,96.37,29.42,701.5317777777777,44.53,2.89,32.63773333333333,19.287066666666668,,,,,,,False
Mirawadi,River Water Discharge_Mirawadi.xlsx,mirawadi,6,2779.92,668.3,502,825,8.89,0.622,18.535,74.1747,93.4,31.28,1332.8168888888888,38.98,8.54,31.180533333333344,20.2936,,,,,,,False
Morane,River Water Discharge_Morane.xlsx,morane,35,1997.35,509.65,264,973,5.44,0.7439,20.9094,74.7133,88.62,22.11,588.8102222222223,43.59,5.03,33.07293333333334,19.61573333333334,,,,,,,False
Mukki,River Water Discharge_Mukki.xlsx,mukki,1,1082.91,625.93,461,445,5.19,0.6617,22.1494,80.6656,88.12,32.28,1193.7153333333333,45.67,4.02,32.251466666666666,19.2208,,,,,,,False
Mukkodlu,River Water Discharge_Mukkodlu.xlsx,mukkodlu,8,153.01,1096.48,886,750,14.51,0.5733,12.4906,75.7722,95.24,37.79,1500.9802222222222,36.33,11.31,29.358133333333335,19.77733333333333,,,,,,,False
Mundakayam_gd,River Water Discharge_Mundakayam_gd.xlsx,mundakayamgd,1,159.16,419.28,56,1348,21.08,0.6184,9.53,76.8839,98.01,35.95,2167.517111111111,36.58,16.81,30.81493333333334,22.310266666666667,,,,,,,False
Munugodu,River Water Discharge_Munugodu.xlsx,munugodu,9,620.99,88.94,28,446,3.16,0.5968,16.5547,80.2064,95.78,38.17,802.7768888888891,45.64,12.19,33.518933333333344,23.20706666666667,,,,,,,False
Murli,River Water Discharge_Murli.xlsx,murli,8,9143.19,502.14,365,380,3.07,0.6104,19.4681,77.9861,89.28,39.04,919.3413333333335,45.76,6.42,33.632933333333334,20.3736,,,,,,,False
Muthanga (ponkuzhi),River Water Discharge_Muthanga (ponkuzhi).xlsx,muthangaponkuzhi,1,154.51,894.16,842,235,8.22,0.6423,11.6739,76.3442,96.93,27.73,1507.4224444444444,36.2,10.84,28.791733333333333,18.8556,,,,,,,False
Muthankera,River Water Discharge_Muthankera.xlsx,muthankera,53,1246.31,828.53,706,1330,11.23,0.6468,11.8081,76.0842,98.71,30.5,2095.021777777778,35.84,11.52,28.792133333333336,19.216000000000005,46.0,969.1326086956523,0.24440532385027805,0.3268524947826172,0.21900505086543268,1.3492861544696189,True
Nagaram,River Water Discharge_Nagaram.xlsx,nagaram,7,172.18,286.76,228,399,3.92,0.6614,18.2892,79.4739,98.66,38.14,996.8788888888893,45.93,9.11,33.54613333333334,21.6304,,,,,,,False
Nagari,River Water Discharge_Nagari.xlsx,nagari,7,750.23,240.01,203,187,2.43,0.6276,20.4256,78.8744,98.1,42.39,1158.0833333333333,46.3,6.28,33.29933333333333,20.540133333333333,,,,,,,False
Nandalur,River Water Discharge_Nandalur.xlsx,nandalur,13,6009.3,528.85,135,1230,6.45,0.652,14.2547,79.1164,93.83,23.42,775.2422222222223,42.28,11.71,32.42013333333334,21.5612,,,,,,,False
Nandipalli,River Water Discharge_Nandipalli.xlsx,nandipalli,36,2801.64,305.07,112,766,8.19,0.7485,14.7211,79.0189,97.63,28.26,718.0644444444446,44.33,12.37,33.886799999999994,22.84573333333333,30.0,231.994,0.6757864031164498,0.48407944905446415,0.19255940947258446,1.1580412267191373,True
Nandre,River Water Discharge_Nandre.xlsx,nandre,8,3183.77,723.93,540,544,3.57,0.6595,16.9492,74.5297,86.44,15.61,513.4200000000001,40.08,7.88,31.45866666666667,19.300266666666666,,,,,,,False
Narasingarayainpet,River Water Discharge_Narasingarayainpet.xlsx,narasingarayainpet,8,2100.28,449.3,249,936,6.7,0.6649,13.1833,79.2081,95.94,34.67,891.1997777777779,42.93,12.57,32.64026666666667,22.052799999999994,,,,,,,False
Narmadapuram,River Water Discharge_Narmadapuram.xlsx,narmadapuram,54,32286.51,454.92,271,1062,4.82,0.6675,22.7558,77.7333,74.98,39.68,1250.633111111111,45.34,2.48,31.75293333333334,18.366666666666667,51.0,14273.705098039214,0.2984520819690165,0.08311616201049132,0.12921832098583302,1.2996454917223985,True
Navalgund,River Water Discharge_Navalgund.xlsx,navalgund,17,3205.46,639.02,564,282,2.67,0.6159,15.5731,75.3731,76.18,16.99,607.2339999999999,39.39,10.71,31.592000000000006,20.531466666666667,,,,,,,False
Noornagar,River Water Discharge_Noornagar.xlsx,noornagar,8,1286.58,409.13,313,396,4.23,0.6682,23.1114,78.4028,96.88,45.18,1172.045111111111,46.28,2.34,31.95586666666667,18.48426666666667,,,,,,,False
Odendurai,River Water Discharge_Odendurai.xlsx,odendurai,9,1505.84,1146.42,302,2332,17.49,0.6423,11.3217,76.8928,95.44,27.61,1129.21,36.17,10.91,28.7836,18.87253333333333,,,,,,,False
Orsang at bodeli,River Water Discharge_Orsang at bodeli.xlsx,orsangatbodeli,1,2034.32,211.03,71,604,5.35,0.6885,22.2653,73.7269,96.03,29.3,945.5851111111111,45.24,3.54,33.354666666666674,20.1868,,,,,,,False
Ozerkheda,River Water Discharge_Ozerkheda.xlsx,ozerkheda,40,700.82,400.38,78,1151,12.05,0.645,20.1003,73.2711,98.56,61.77,2007.3266666666666,40.82,7.02,32.38986666666666,20.676399999999997,23.0,1053.3095652173913,0.2953507881725853,0.08352199510852817,0.15904122307282595,1.6248433451190154,True
Sher at kacchara,River Water Discharge_Sher at kacchara.xlsx,sheratkacchara,7,897.41,576.8,394,361,5.09,0.6393,22.8236,79.4578,97.62,49.76,1207.259777777778,45.24,2.7,31.68919999999999,18.589066666666664,,,,,,,False
Shindkheda,River Water Discharge_Shindkheda.xlsx,shindkheda,2,1141.19,386.35,151,630,3.7,0.7417,21.2747,74.7517,97.96,26.14,565.3277777777778,44.59,3.52,33.39266666666666,19.9256,,,,,,,False
Shirpur,River Water Discharge_Shirpur.xlsx,shirpur,3,744.53,320.34,145,668,5.64,0.7557,21.3394,74.89,95.7,29.31,664.3748888888889,44.83,4.01,33.25653333333334,19.705599999999997,,,,,,,False
Silgi at kotrai,River Water Discharge_Silgi at kotrai.xlsx,silgiatkotrai,7,532.02,756.96,512,455,7.52,0.6371,22.9853,80.5961,96.78,46.39,1310.101111111111,46.05,1.93,31.88,18.410533333333337,,,,,,,False
Singavaram,River Water Discharge_Singavaram.xlsx,singavaram,47,6089.28,553.23,256,975,5.39,0.6739,14.5978,78.0133,81.03,25.88,572.02,41.47,10.76,31.882400000000004,20.84146666666667,29.0,141.06793103448277,0.6926158623225579,0.552947446721841,0.3014406263339464,0.9740857211252463,True
Sip at dholpur,River Water Discharge_Sip at dholpur.xlsx,sipatdholpur,7,627.68,402.62,273,279,4.83,0.6809,22.6064,77.1958,98.99,45.1,1079.176888888889,45.17,1.89,31.934,18.1276,,,,,,,False
Sipu at sipudam(bhakudar),River Water Discharge_Sipu at sipudam(bhakudar).xlsx,sipuatsipudambhakudar,13,1383.28,300.46,156,1545,5.07,0.7029,24.3969,72.3014,98.88,28.32,861.0055555555556,46.55,1.84,32.65546666666666,18.967066666666668,,,,,,,False
Sirimoda,River Water Discharge_Sirimoda.xlsx,sirimoda,7,484.56,1022.36,860,804,14.09,0.5877,18.6203,82.8717,98.37,39.72,1003.6075555555555,43.09,9.87,31.869733333333333,21.927866666666667,,,,,,,False
Sohagpura,River Water Discharge_Sohagpura.xlsx,sohagpura,6,232.29,481.4,373,170,4.73,0.6166,23.9183,74.7003,98.78,31.11,803.7784444444444,44.97,2.42,32.31853333333334,18.65066666666667,,,,,,,False
Somanpally(seasonal),River Water Discharge_Somanpally(seasonal).xlsx,somanpallyseasonal,59,13552.16,354.59,115,553,2.83,0.669,18.6167,79.8,75.1,28.65,944.1580000000001,45.58,9.17,33.377599999999994,21.376,43.0,1513.9862790697673,0.4993068067628204,0.3391465782279308,0.1127864373644486,0.38693514219366193,True
Songe bange,River Water Discharge_Songe bange.xlsx,songebange,2,636.13,662.79,541,497,7.43,0.6067,16.4281,74.2636,98.15,30.1,1479.1162222222224,38.66,10.57,31.42333333333333,20.900933333333334,,,,,,,False
Suddakal,River Water Discharge_Suddakal.xlsx,suddakal,9,2315.57,566.3,429,286,2.86,0.6516,16.5728,78.4233,90.78,24.72,727.208,44.21,9.18,33.22733333333333,21.350800000000003,,,,,,,False
Sundergarh,River Water Discharge_Sundergarh.xlsx,sundergarh,50,555.06,378.33,232,535,7.47,0.6632,22.1153,83.3992,97.07,43.4,1435.1893333333335,45.43,2.21,31.648266666666657,19.354666666666667,43.0,2214.66488372093,0.38456536567364197,0.5154658104295196,0.3189921639775302,1.66278859847698,True
Surubali,River Water Discharge_Surubali.xlsx,surubali,3,1083.33,760.12,521,772,13.32,0.6038,20.1697,83.9467,98.23,39.74,1368.9275555555555,43.5,7.79,32.464933333333335,21.20586666666667,,,,,,,False
T. bekkupe,River Water Discharge_T. bekkupe.xlsx,tbekkupe,22,3419.37,829.69,609,858,4.53,0.6157,12.5072,77.4281,85.75,19.74,788.7495555555555,39.15,10.48,30.54253333333334,19.630933333333335,,,,,,,False
T. narasipur,River Water Discharge_T. narasipur.xlsx,tnarasipur,55,6991.76,797.07,623,1413,5.59,0.6368,12.2303,76.8944,62.79,21.05,994.7555555555557,35.77,9.83,28.2864,18.166666666666664,,,,,,,False
T.k.halli,River Water Discharge_T.k.halli.xlsx,tkhalli,48,8316.2,785.45,580,757,3.43,0.6466,12.4119,77.1928,70.15,23.16,753.1584444444444,37.63,9.67,29.431199999999997,18.574933333333338,34.0,430.005294117647,0.3750101820659096,0.26695501632568064,0.09746030190912772,0.2672005037650772,True
Takali,River Water Discharge_Takali.xlsx,takali,8,1455.96,305.97,203,255,3.87,0.6415,19.8442,78.6008,96.25,33.18,1069.0377777777774,46.44,6.9,33.861999999999995,20.888533333333335,,,,,,,False
Talaji   talaja,River Water Discharge_Talaji   talaja.xlsx,talajitalaja,1,5883.78,135.51,5,629,2.9,0.8143,21.3533,72.0342,92.09,17.19,585.6386666666666,42.66,5.42,33.0216,20.906000000000002,,,,,,,False
Talikot,River Water Discharge_Talikot.xlsx,talikot,25,2519.66,600.72,501,257,2.48,0.6222,16.4836,76.2844,91.87,25.79,562.206,42.03,9.65,32.33853333333334,20.415733333333336,,,,,,,False
Tamar,River Water Discharge_Tamar.xlsx,tamar,1,968.7,506.01,220,697,7.73,0.6628,23.0531,85.6617,91.2,31.63,1248.5804444444445,45.32,2.32,31.292,19.554933333333334,,,,,,,False
Tapi at burhanpur,River Water Discharge_Tapi at burhanpur.xlsx,tapiatburhanpur,45,9669.82,511.64,202,969,6.98,0.6856,21.2994,76.2354,83.8,37.51,1021.5655555555555,45.38,4.9,32.85053333333333,19.61093333333333,35.0,8181.202857142856,0.4362431449489757,0.38675016138371865,0.27824202195232356,0.09298731820074896,True
Tapi at dedtalai,River Water Discharge_Tapi at dedtalai.xlsx,tapiatdedtalai,3,7275.51,559.52,264,907,7.29,0.6768,21.5128,76.758,88.1,37.77,1082.363111111111,45.35,4.91,32.73426666666667,19.591466666666665,,,,,,,False
Tenduni at maheshwar,River Water Discharge_Tenduni at maheshwar.xlsx,tenduniatmaheshwar,7,1702.54,402.33,305,404,4.19,0.6579,22.9792,78.3208,96.88,45.18,1172.045111111111,46.27,2.34,31.951866666666664,18.4804,,,,,,,False
Terwad (seasonal),River Water Discharge_Terwad (seasonal).xlsx,terwadseasonal,47,2579.5,636.74,525,505,7.32,0.6259,16.6764,74.5742,98.66,32.52,1210.0557777777778,38.31,10.98,31.430399999999995,21.23026666666666,35.0,1891.0937142857142,0.20155663599089652,0.18293053623644093,0.1996098277583232,1.0144803270766758,True
Teska,River Water Discharge_Teska.xlsx,teska,22,1614.56,677.25,462,456,4.49,0.6635,21.8158,77.7744,97.52,38.07,939.3180000000001,45.23,4.74,32.431066666666666,19.497733333333333,,,,,,,False
Thandalaiputhur,River Water Discharge_Thandalaiputhur.xlsx,thandalaiputhur,5,859.09,384.85,88,1290,8.47,0.7274,10.9911,78.5133,97.17,29.38,815.5244444444444,41.88,15.14,33.85360000000001,23.389599999999998,,,,,,,False
Theni,River Water Discharge_Theni.xlsx,theni,48,1328.53,664.66,285,2366,12.31,0.764,10.0011,77.485,89.47,31.98,778.1868888888888,36.92,16.03,31.130533333333325,21.98493333333333,39.0,183.98589743589744,0.40091752910417117,0.4489135583135393,0.25089332008950166,0.8448935992816534,True
Thevur,River Water Discharge_Thevur.xlsx,thevur,27,1211.62,344.67,174,1463,5.09,0.6787,11.5272,77.7508,98.1,37.24,1335.1344444444444,39.77,13.01,31.785066666666673,21.34466666666666,,,,,,,False
Thiruvalam,River Water Discharge_Thiruvalam.xlsx,thiruvalam,8,2479.63,421.36,184,1001,6.3,0.6607,12.9847,79.2672,95.94,34.67,891.1997777777779,43.13,12.76,32.73093333333333,22.195733333333337,,,,,,,False
Thiruvattar,River Water Discharge_Thiruvattar.xlsx,thiruvattar,7,600.6,426.91,2,1822,15.39,0.6051,8.3278,77.2669,98.64,37.34,1579.5035555555555,37.73,18.4,32.56013333333333,23.919733333333333,,,,,,,False
Thoppur,River Water Discharge_Thoppur.xlsx,thoppur,25,339.94,583.21,329,1308,11.42,0.6354,11.9383,78.0572,98.68,33.13,869.3553333333333,41.77,14.66,33.587333333333326,23.06453333333333,,,,,,,False
Thottathinkadavu,River Water Discharge_Thottathinkadavu.xlsx,thottathinkadavu,7,188.49,595.29,13,2318,19.92,0.6459,11.3619,76.0019,98.77,62.2,2910.430444444444,36.15,10.93,28.792,18.903200000000002,,,,,,,False
Thumpamon,River Water Discharge_Thumpamon.xlsx,thumpamon,49,819.72,300.54,2,1921,16.2,0.6248,9.2278,76.7,98.51,44.99,2983.2708888888887,36.64,16.87,31.089733333333328,22.418266666666664,42.0,391.8985714285715,0.23662496283985396,0.2054830223275369,0.08385865287911952,0.8904290983958472,True
Tuichang,River Water Discharge_Tuichang.xlsx,tuichang,21,1622.0,913.46,251,1638,23.79,0.5524,23.0344,92.9653,98.68,50.0,2482.0495555555553,36.12,4.43,28.075733333333336,17.925866666666668,16.0,435.52250000000004,0.4021485686732603,0.01710952145092806,0.08513302082050407,3.517007673607404,False
Tuichawng,River Water Discharge_Tuichawng.xlsx,tuichawng,6,1235.03,269.94,38,1074,17.0,0.6664,22.9153,92.5281,83.49,0.0,152.59822222222223,36.32,4.52,28.2308,18.160933333333332,,,,,,,False
Tulaghat,River Water Discharge_Tulaghat.xlsx,tulaghat,20,1412.95,565.44,170,1154,13.44,0.624,20.3222,83.6131,97.6,45.67,1393.0362222222222,44.04,7.51,32.547599999999996,21.029333333333334,15.0,1492.6806666666666,0.6133288994226875,0.46369969982792775,0.20452351954472606,0.6417904947261062,True
V.kallathur,River Water Discharge_V.kallathur.xlsx,vkallathur,8,1055.72,406.12,96,1319,9.99,0.6927,11.4025,78.9297,90.71,30.57,848.9775555555557,41.89,15.14,33.85373333333334,23.388399999999997,,,,,,,False
Valamuru (pamuleru),River Water Discharge_Valamuru (pamuleru).xlsx,valamurupamuleru,9,406.98,719.34,403,954,17.18,0.6169,17.6331,81.6361,97.72,25.05,1179.7946666666664,44.48,11.41,32.285066666666665,22.232400000000002,,,,,,,False
Valayinkil,River Water Discharge_Valayinkil.xlsx,valayinkil,1,95.07,465.8,82,1623,18.46,0.5951,8.6764,77.0914,98.08,30.48,888.2884444444442,37.73,18.4,32.56013333333333,23.919733333333333,,,,,,,False
Valigonda,River Water Discharge_Valigonda.xlsx,valigonda,7,6101.54,558.84,298,432,3.14,0.6358,17.3656,79.0322,89.67,24.8,731.3011111111111,44.99,9.13,33.0988,21.25706666666667,,,,,,,False
Varanavasi,River Water Discharge_Varanavasi.xlsx,varanavasi,8,480.55,107.66,49,478,3.2,0.6097,11.0925,79.085,97.18,30.0,998.3584444444443,41.31,15.8,33.65573333333334,23.76346666666667,,,,,,,False
Veerlapalem,River Water Discharge_Veerlapalem.xlsx,veerlapalem,9,673.2,185.82,76,371,2.74,0.6206,16.6875,79.5461,91.88,33.02,702.1788888888889,45.28,10.58,33.64506666666667,22.391599999999997,,,,,,,False
Vellaikadavu,River Water Discharge_Vellaikadavu.xlsx,vellaikadavu,7,308.91,210.99,4,1697,11.8,0.6375,8.4981,77.0125,98.7,38.33,1681.9726666666668,37.68,18.38,32.52013333333333,23.8932,,,,,,,False
Venganur,River Water Discharge_Venganur.xlsx,venganur,8,2965.8,398.74,80,1335,8.79,0.6936,11.4431,79.0244,90.26,32.06,925.2924444444445,41.89,15.14,33.85373333333334,23.388399999999997,,,,,,,False
Vikkiralapeta,River Water Discharge_Vikkiralapeta.xlsx,vikkiralapeta,8,2259.05,132.08,8,810,4.2,0.6832,15.2967,79.9128,96.59,27.74,742.7115555555555,45.79,12.24,34.12199999999999,23.505333333333336,,,,,,,False
Vinchur,River Water Discharge_Vinchur.xlsx,vinchur,6,496.66,466.63,306,568,4.16,0.7311,20.7172,74.8656,97.28,30.62,620.5044444444444,43.5,5.42,32.988933333333335,19.3944,,,,,,,False
Wankadi,River Water Discharge_Wankadi.xlsx,wankadi,1,113.0,291.7,187,213,5.84,0.6478,22.8625,74.0003,98.72,28.26,818.3639999999999,45.31,2.77,32.98013333333333,19.606266666666667,,,,,,,False
Warunji,River Water Discharge_Warunji.xlsx,warunji,60,1473.97,767.81,543,675,11.24,0.5667,17.2728,74.1647,88.73,40.23,1209.0182222222224,38.56,9.44,30.946666666666673,20.292666666666666,58.0,1808.5156896551728,0.3318345424589373,0.339184617482019,0.24852760784529518,0.4060257967043224,True
Zari,River Water Discharge_Zari.xlsx,zari,38,5869.73,499.6,373,563,2.78,0.6535,19.3947,76.7733,94.79,24.52,777.0531111111111,44.63,5.58,33.3412,19.562800000000003,,,,,,,False
