station,year,max_rainfall_mm,mean_rainfall_mm,total_rainfall_mm
Talikot,1907,25.79,1.16,425.11
Talikot,1908,47.45,1.13,412.61
Talikot,1909,38.15,1.39,507.74
Talikot,1910,47.51,1.7,618.97
Talikot,1911,66.25,1.05,383.18
Talikot,1912,32.73,1.2,438.96
Talikot,1915,54.13,1.98,722.46
Talikot,1917,54.23,2.01,733.0
Talikot,1920,34.59,0.96,352.85
Talikot,1921,55.26,1.43,521.63
Talikot,1922,51.81,1.24,454.15
Talikot,1923,38.49,0.93,341.21
Talikot,1925,51.41,1.38,502.97
Talikot,1926,40.91,1.18,429.66
Talikot,1929,57.8,1.49,544.38
Talikot,1933,54.14,2.26,823.18
Talikot,1934,44.55,1.54,562.75
Talikot,1943,42.97,2.11,771.13
Talikot,1945,33.77,1.08,393.54
Talikot,1946,48.81,1.5,547.71
Talikot,1948,48.92,1.47,537.66
Talikot,1949,75.09,1.39,505.76
Talikot,1954,60.75,1.41,515.51
Talikot,1967,50.82,1.51,552.48
Talikot,1968,37.76,1.8,659.09
Talikot,1969,55.16,1.8,656.4
Talikot,1970,58.18,1.59,581.64
Talikot,1971,54.97,1.8,657.71
Talikot,1972,29.14,0.78,286.48
Talikot,1973,42.39,2.06,750.31
Talikot,1976,48.64,1.17,428.9
Talikot,1978,53.21,2.44,889.18
Talikot,1979,91.87,2.1,765.39
Talikot,1980,44.63,1.21,443.0
Talikot,1985,54.46,1.29,469.58
Talikot,1986,37.55,1.32,480.36
Talikot,1987,48.19,1.87,682.79
Talikot,1989,51.29,1.85,676.95
Talikot,1990,45.85,1.48,541.62
Talikot,1992,61.43,1.04,380.54
Talikot,1995,33.45,1.52,553.48
Talikot,1999,54.47,1.39,508.55
Talikot,2013,35.79,1.74,635.77
Talikot,2024,69.38,1.77,647.62
Talikot,2025,73.66,2.75,1005.31
