target_station,roi_size_stations,roi_total_station_years,roi_members
sandia,3,165,sandia;Dameracherla;Somanpally(seasonal)
Adityapur,16,696,Adityapur;Altuma;Bamnidhi;Baronda;Dindori;Fekoghat;Jaraikela;Kelo at raigarh;Khanditar;Kurubhata;Parmanpur;Rampur;Salebhata;Manendragarh;Manot;Sundergarh
Akkihebbal,29,1147,Akkihebbal;Alladupalli;Betmogra;Chinamusi  tumadu;Elunuthimangalam;Degloor;Halia;Hogenakkal;K.m. vadi;Kamalapuram;Keesara;M.h. halli;Pachegaon;Paleru bridge;Pudur;Sakleshpur;Samdoli (seasonal);Magaral;Nandipalli;Navalgund;Singavaram;T. bekkupe;T. narasipur;T.k.halli;Talikot;Tapi at burhanpur;Terwad (seasonal);Thevur;Warunji
Alladupalli,30,1166,Akkihebbal;Alladupalli;Betmogra;Chinamusi  tumadu;Dameracherla;Elunuthimangalam;Errakalva    ananthapalli;Degloor;Halia;K.m. vadi;Kamalapuram;Kattaleru   tiruvuru;Keesara;M.h. halli;Pachegaon;Paleru bridge;Rangeli;Madhira;Magaral;Nandipalli;Navalgund;Singavaram;Somanpally(seasonal);T. bekkupe;T. narasipur;T.k.halli;Talikot;Tapi at burhanpur;Thevur;Zari
Altuma,16,668,Adityapur;Altuma;Bamnidhi;Baronda;Dindori;Fekoghat;Kelo at raigarh;Kurubhata;Parmanpur;Potteru (potteruvagu);Rampur;Salebhata;Manendragarh;Manot;Sundergarh;Tulaghat
Ambarampalayam,21,847,Ambarampalayam;Ambasamudram;Arangali;Hogenakkal;K.m. vadi;Kalampur;Kallooppara;Koyna;Kudlur;M.h. halli;Pudur;Pulamanthole;Sakleshpur;Magaral;Muthankera;Nandipalli;Theni;Thevur;Thoppur;Thumpamon;Warunji
Ambasamudram,11,446,Ambarampalayam;Ambasamudram;Arangali;Kalampur;Kallooppara;Kudlur;Pulamanthole;Muthankera;Theni;Thoppur;Thumpamon
Arangali,14,550,Ambarampalayam;Ambasamudram;Arangali;Hogenakkal;Kalampur;Kallooppara;Koyna;Kudlur;Pudur;Pulamanthole;Muthankera;Theni;Thoppur;Thumpamon
Bamnia,29,970,Bamnia;Belkhedi;Betmogra;Chanwada;Chhidgaon;Chitrasani -duplicate;Dabri;Dhariawad;Degloor;Gandlapet;Halia;Jotasan;Kattaleru   tiruvuru;Kheda;Kogaon;Kovvada kalva near dommeru;Kundanpur;Pachegaon;Paleru bridge;Patan;Pati;Rambhapur;Rangeli;Ratanpur;Morane;Navalgund;Talikot;Teska;Zari
Bamnidhi,28,1157,Adityapur;Altuma;Bamnidhi;Baronda;Belkhedi;Chhidgaon;Chinamusi  tumadu;Dindori;Errakalva    ananthapalli;Fekoghat;Gandlapet;Halia;Jaraikela;Kattaleru   tiruvuru;Keesara;Kelo at raigarh;Kovvada kalva near dommeru;Kurubhata;Paleru bridge;Parmanpur;Patan;Rampur;Salebhata;Madhira;Manendragarh;Manot;Sundergarh;Teska
Baronda,30,1216,Adityapur;Altuma;Bamnidhi;Baronda;Belkhedi;Betmogra;Chhidgaon;Chinamusi  tumadu;Dindori;Errakalva    ananthapalli;Fekoghat;Degloor;Gandlapet;Halia;Kattaleru   tiruvuru;Keesara;Kelo at raigarh;Kovvada kalva near dommeru;Kurubhata;Paleru bridge;Parmanpur;Patan;Rampur;Salebhata;Madhira;Manendragarh;Manot;Sundergarh;Tapi at burhanpur;Teska
Belkhedi,39,1449,Bamnia;Bamnidhi;Baronda;Belkhedi;Betmogra;Chhidgaon;Chinamusi  tumadu;Chitrasani -duplicate;Dabri;Dhariawad;Dindori;Errakalva    ananthapalli;Degloor;Gandlapet;Halia;Jotasan;Kattaleru   tiruvuru;Keesara;Kelo at raigarh;Kogaon;Kovvada kalva near dommeru;Kundanpur;Kurubhata;Paleru bridge;Parmanpur;Patan;Pati;Rambhapur;Rampur;Rangeli;Salebhata;Madhira;Manendragarh;Manot;Morane;Sundergarh;Tapi at burhanpur;Teska;Zari
Betmogra,50,1798,Akkihebbal;Alladupalli;Bamnia;Baronda;Belkhedi;Betmogra;Chanwada;Chhidgaon;Chinamusi  tumadu;Chitrasani -duplicate;Dabri;Dhariawad;Dindori;Elunuthimangalam;Errakalva    ananthapalli;Degloor;Gandlapet;Halia;Jotasan;K.m. vadi;Kamalapuram;Kattaleru   tiruvuru;Keesara;Kheda;Kogaon;Kovvada kalva near dommeru;Kundanpur;M.h. halli;Pachegaon;Paleru bridge;Patan;Pati;Rambhapur;Rangeli;Ratanpur;Samdoli (seasonal);Madhira;Manot;Morane;Nandipalli;Navalgund;Ozerkheda;Singavaram;T. bekkupe;Talikot;Tapi at burhanpur;Terwad (seasonal);Teska;Thevur;Zari
Chanwada,32,1121,Bamnia;Betmogra;Chanwada;Chhidgaon;Chinamusi  tumadu;Chitrasani -duplicate;Dabri;Dhariawad;Degloor;Gandlapet;Halia;Kattaleru   tiruvuru;Keesara;Kheda;Kogaon;Kovvada kalva near dommeru;Kundanpur;Pachegaon;Paleru bridge;Pati;Rambhapur;Rangeli;Ratanpur;Samdoli (seasonal);Madhira;Morane;Navalgund;Talikot;Tapi at burhanpur;Terwad (seasonal);Teska;Zari
Chhidgaon,44,1675,Bamnia;Bamnidhi;Baronda;Belkhedi;Betmogra;Chanwada;Chhidgaon;Chinamusi  tumadu;Chitrasani -duplicate;Dabri;Dhariawad;Dindori;Errakalva    ananthapalli;Degloor;Gandlapet;Halia;Jotasan;Kattaleru   tiruvuru;Keesara;Kelo at raigarh;Kogaon;Kovvada kalva near dommeru;Kundanpur;Pachegaon;Paleru bridge;Patan;Pati;Rambhapur;Rampur;Rangeli;Salebhata;Samdoli (seasonal);Madhira;Manendragarh;Manot;Morane;Nandipalli;Ozerkheda;Sundergarh;Talikot;Tapi at burhanpur;Terwad (seasonal);Teska;Zari
Chinamusi  tumadu,52,2042,Akkihebbal;Alladupalli;Bamnidhi;Baronda;Belkhedi;Betmogra;Chanwada;Chhidgaon;Chinamusi  tumadu;Dameracherla;Dindori;Elunuthimangalam;Errakalva    ananthapalli;Degloor;Gandlapet;Halia;Hogenakkal;Jotasan;K.m. vadi;Kamalapuram;Kattaleru   tiruvuru;Keesara;Kogaon;Kovvada kalva near dommeru;Kundanpur;M.h. halli;Pachegaon;Paleru bridge;Patan;Pati;Rambhapur;Rampur;Rangeli;Samdoli (seasonal);Madhira;Magaral;Manot;Morane;Nandipalli;Navalgund;Ozerkheda;Singavaram;T. bekkupe;T. narasipur;T.k.halli;Talikot;Tapi at burhanpur;Terwad (seasonal);Teska;Thevur;Warunji;Zari
Chitrasani -duplicate,26,870,Bamnia;Belkhedi;Betmogra;Chanwada;Chhidgaon;Chitrasani -duplicate;Dabri;Dhariawad;Degloor;Gandlapet;Jotasan;Kattaleru   tiruvuru;Kheda;Kogaon;Kundanpur;Pachegaon;Pati;Rambhapur;Ratanpur;Samdoli (seasonal);Morane;Navalgund;Ozerkheda;Talikot;Terwad (seasonal);Teska
Dabri,29,970,Bamnia;Belkhedi;Betmogra;Chanwada;Chhidgaon;Chitrasani -duplicate;Dabri;Dhariawad;Degloor;Gandlapet;Halia;Jotasan;Kattaleru   tiruvuru;Kheda;Kogaon;Kovvada kalva near dommeru;Kundanpur;Pachegaon;Paleru bridge;Patan;Pati;Rambhapur;Rangeli;Ratanpur;Morane;Navalgund;Talikot;Teska;Zari
Dameracherla,14,641,sandia;Alladupalli;Chinamusi  tumadu;Dameracherla;Halia;Kamalapuram;Keesara;Paleru bridge;Rangeli;Singavaram;Somanpally(seasonal);T.k.halli;Tapi at burhanpur;Zari
Dhariawad,29,970,Bamnia;Belkhedi;Betmogra;Chanwada;Chhidgaon;Chitrasani -duplicate;Dabri;Dhariawad;Degloor;Gandlapet;Halia;Jotasan;Kattaleru   tiruvuru;Kheda;Kogaon;Kovvada kalva near dommeru;Kundanpur;Pachegaon;Paleru bridge;Patan;Pati;Rambhapur;Rangeli;Ratanpur;Morane;Navalgund;Talikot;Teska;Zari
Dindori,29,1171,Adityapur;Altuma;Bamnidhi;Baronda;Belkhedi;Betmogra;Chhidgaon;Chinamusi  tumadu;Dindori;Errakalva    ananthapalli;Fekoghat;Degloor;Gandlapet;Halia;Kattaleru   tiruvuru;Keesara;Kelo at raigarh;Kovvada kalva near dommeru;Kurubhata;Paleru bridge;Parmanpur;Patan;Rampur;Salebhata;Madhira;Manendragarh;Manot;Sundergarh;Teska
Elunuthimangalam,32,1282,Akkihebbal;Alladupalli;Betmogra;Chinamusi  tumadu;Elunuthimangalam;Degloor;Halia;Hogenakkal;K.m. vadi;Kamalapuram;Keesara;M.h. halli;Pachegaon;Paleru bridge;Pudur;Sakleshpur;Samdoli (seasonal);Madhira;Magaral;Muthankera;Nandipalli;Navalgund;Ozerkheda;Singavaram;T. bekkupe;T. narasipur;T.k.halli;Talikot;Tapi at burhanpur;Terwad (seasonal);Thevur;Warunji
Errakalva    ananthapalli,42,1638,Alladupalli;Bamnidhi;Baronda;Belkhedi;Betmogra;Chhidgaon;Chinamusi  tumadu;Dindori;Errakalva    ananthapalli;Degloor;Gandlapet;Halia;Jotasan;Kamalapuram;Kattaleru   tiruvuru;Keesara;Kelo at raigarh;Kogaon;Kovvada kalva near dommeru;Kurubhata;Pachegaon;Paleru bridge;Parmanpur;Patan;Pati;Potteru (potteruvagu);Rampur;Rangeli;Salebhata;Madhira;Magaral;Manendragarh;Manot;Morane;Nandipalli;Singavaram;Sundergarh;T. bekkupe;Talikot;Tapi at burhanpur;Teska;Zari
Fekoghat,15,674,Adityapur;Altuma;Bamnidhi;Baronda;Dindori;Fekoghat;Jaraikela;Kelo at raigarh;Kurubhata;Parmanpur;Rampur;Salebhata;Manendragarh;Manot;Sundergarh
Degloor,50,1798,Akkihebbal;Alladupalli;Bamnia;Baronda;Belkhedi;Betmogra;Chanwada;Chhidgaon;Chinamusi  tumadu;Chitrasani -duplicate;Dabri;Dhariawad;Dindori;Elunuthimangalam;Errakalva    ananthapalli;Degloor;Gandlapet;Halia;Jotasan;K.m. vadi;Kamalapuram;Kattaleru   tiruvuru;Keesara;Kheda;Kogaon;Kovvada kalva near dommeru;Kundanpur;M.h. halli;Pachegaon;Paleru bridge;Patan;Pati;Rambhapur;Rangeli;Ratanpur;Samdoli (seasonal);Madhira;Manot;Morane;Nandipalli;Navalgund;Ozerkheda;Singavaram;T. bekkupe;Talikot;Tapi at burhanpur;Terwad (seasonal);Teska;Thevur;Zari
Gandlapet,47,1730,Bamnia;Bamnidhi;Baronda;Belkhedi;Betmogra;Chanwada;Chhidgaon;Chinamusi  tumadu;Chitrasani -duplicate;Dabri;Dhariawad;Dindori;Errakalva    ananthapalli;Degloor;Gandlapet;Halia;Jotasan;Kamalapuram;Kattaleru   tiruvuru;Keesara;Kheda;Kogaon;Kovvada kalva near dommeru;Kundanpur;Pachegaon;Paleru bridge;Patan;Pati;Rambhapur;Rampur;Rangeli;Ratanpur;Samdoli (seasonal);Madhira;Manendragarh;Manot;Morane;Nandipalli;Navalgund;Ozerkheda;Singavaram;T. bekkupe;Talikot;Tapi at burhanpur;Terwad (seasonal);Teska;Zari
Halia,53,2042,Akkihebbal;Alladupalli;Bamnia;Bamnidhi;Baronda;Belkhedi;Betmogra;Chanwada;Chhidgaon;Chinamusi  tumadu;Dabri;Dameracherla;Dhariawad;Dindori;Elunuthimangalam;Errakalva    ananthapalli;Degloor;Gandlapet;Halia;Jotasan;K.m. vadi;Kamalapuram;Kattaleru   tiruvuru;Keesara;Kogaon;Kovvada kalva near dommeru;Kundanpur;M.h. halli;Pachegaon;Paleru bridge;Patan;Pati;Rambhapur;Rampur;Rangeli;Salebhata;Samdoli (seasonal);Madhira;Magaral;Manot;Morane;Nandipalli;Navalgund;Singavaram;T. bekkupe;T. narasipur;T.k.halli;Talikot;Tapi at burhanpur;Terwad (seasonal);Teska;Thevur;Zari
Hogenakkal,29,1149,Akkihebbal;Ambarampalayam;Arangali;Chinamusi  tumadu;Elunuthimangalam;Hogenakkal;K.m. vadi;Kalampur;Kallooppara;Kamalapuram;Koyna;Kudlur;M.h. halli;Pudur;Pulamanthole;Sakleshpur;Samdoli (seasonal);Magaral;Muthankera;Nandipalli;Ozerkheda;Singavaram;T. bekkupe;T. narasipur;Terwad (seasonal);Theni;Thevur;Thoppur;Warunji
Jaraikela,9,405,Adityapur;Bamnidhi;Fekoghat;Jaraikela;Khanditar;Kurubhata;Parmanpur;Rampur;Salebhata
Jotasan,34,1207,Bamnia;Belkhedi;Betmogra;Chhidgaon;Chinamusi  tumadu;Chitrasani -duplicate;Dabri;Dhariawad;Errakalva    ananthapalli;Degloor;Gandlapet;Halia;Jotasan;K.m. vadi;Kattaleru   tiruvuru;Keesara;Kogaon;Kovvada kalva near dommeru;Koyna;Pachegaon;Paleru bridge;Pati;Rambhapur;Sakleshpur;Samdoli (seasonal);Madhira;Morane;Nandipalli;Ozerkheda;Talikot;Terwad (seasonal);Teska;Thevur;Warunji
K.m. vadi,35,1315,Akkihebbal;Alladupalli;Ambarampalayam;Betmogra;Chinamusi  tumadu;Elunuthimangalam;Degloor;Halia;Hogenakkal;Jotasan;K.m. vadi;Kalampur;Kamalapuram;Koyna;M.h. halli;Pachegaon;Pati;Pudur;Sakleshpur;Samdoli (seasonal);Magaral;Morane;Muthankera;Nandipalli;Navalgund;Ozerkheda;Singavaram;T. bekkupe;T. narasipur;T.k.halli;Talikot;Terwad (seasonal);Thevur;Thoppur;Warunji
Kalampur,20,792,Ambarampalayam;Ambasamudram;Arangali;Hogenakkal;K.m. vadi;Kalampur;Kallooppara;Koyna;Kudlur;M.h. halli;Pudur;Pulamanthole;Sakleshpur;Muthankera;Nandipalli;Theni;Thevur;Thoppur;Thumpamon;Warunji
Kallooppara,16,634,Ambarampalayam;Ambasamudram;Arangali;Hogenakkal;Kalampur;Kallooppara;Koyna;Kudlur;Pudur;Pulamanthole;Sakleshpur;Muthankera;Theni;Thoppur;Thumpamon;Warunji
Kamalapuram,35,1344,Akkihebbal;Alladupalli;Betmogra;Chinamusi  tumadu;Dameracherla;Elunuthimangalam;Errakalva    ananthapalli;Degloor;Gandlapet;Halia;Hogenakkal;K.m. vadi;Kamalapuram;Kattaleru   tiruvuru;Keesara;Kovvada kalva near dommeru;M.h. halli;Pachegaon;Paleru bridge;Pudur;Rangeli;Samdoli (seasonal);Madhira;Magaral;Nandipalli;Navalgund;Singavaram;T. bekkupe;T. narasipur;T.k.halli;Talikot;Tapi at burhanpur;Terwad (seasonal);Thevur;Zari
Kattaleru   tiruvuru,52,1964,Alladupalli;Bamnia;Bamnidhi;Baronda;Belkhedi;Betmogra;Chanwada;Chhidgaon;Chinamusi  tumadu;Chitrasani -duplicate;Dabri;Dhariawad;Dindori;Errakalva    ananthapalli;Degloor;Gandlapet;Halia;Jotasan;Kamalapuram;Kattaleru   tiruvuru;Keesara;Kelo at raigarh;Kogaon;Kovvada kalva near dommeru;Kundanpur;Kurubhata;Pachegaon;Paleru bridge;Parmanpur;Patan;Pati;Rambhapur;Rampur;Rangeli;Salebhata;Samdoli (seasonal);Madhira;Magaral;Manendragarh;Manot;Morane;Nandipalli;Navalgund;Ozerkheda;Singavaram;Sundergarh;T. bekkupe;Talikot;Tapi at burhanpur;Terwad (seasonal);Teska;Zari
Keesara,51,2017,Akkihebbal;Alladupalli;Bamnidhi;Baronda;Belkhedi;Betmogra;Chanwada;Chhidgaon;Chinamusi  tumadu;Dameracherla;Dindori;Elunuthimangalam;Errakalva    ananthapalli;Degloor;Gandlapet;Halia;Jotasan;Kamalapuram;Kattaleru   tiruvuru;Keesara;Kelo at raigarh;Kogaon;Kovvada kalva near dommeru;Kundanpur;Kurubhata;M.h. halli;Pachegaon;Paleru bridge;Patan;Pati;Rampur;Rangeli;Salebhata;Samdoli (seasonal);Madhira;Magaral;Manendragarh;Manot;Morane;Nandipalli;Navalgund;Singavaram;T. bekkupe;T. narasipur;T.k.halli;Talikot;Tapi at burhanpur;Terwad (seasonal);Teska;Thevur;Zari
Kelo at raigarh,23,949,Adityapur;Altuma;Bamnidhi;Baronda;Belkhedi;Chhidgaon;Dindori;Errakalva    ananthapalli;Fekoghat;Kattaleru   tiruvuru;Keesara;Kelo at raigarh;Kovvada kalva near dommeru;Kurubhata;Parmanpur;Patan;Rampur;Salebhata;Madhira;Manendragarh;Manot;Sundergarh;Teska
Khanditar,3,131,Adityapur;Jaraikela;Khanditar
Kheda,21,662,Bamnia;Betmogra;Chanwada;Chitrasani -duplicate;Dabri;Dhariawad;Degloor;Gandlapet;Kheda;Kogaon;Kundanpur;Pachegaon;Pati;Rambhapur;Rangeli;Ratanpur;Morane;Navalgund;Talikot;Teska;Zari
Kogaon,38,1363,Bamnia;Belkhedi;Betmogra;Chanwada;Chhidgaon;Chinamusi  tumadu;Chitrasani -duplicate;Dabri;Dhariawad;Errakalva    ananthapalli;Degloor;Gandlapet;Halia;Jotasan;Kattaleru   tiruvuru;Keesara;Kheda;Kogaon;Kovvada kalva near dommeru;Kundanpur;Pachegaon;Paleru bridge;Patan;Pati;Rambhapur;Rangeli;Ratanpur;Samdoli (seasonal);Madhira;Manot;Morane;Navalgund;Singavaram;Talikot;Tapi at burhanpur;Terwad (seasonal);Teska;Zari
Kovvada kalva near dommeru,45,1708,Bamnia;Bamnidhi;Baronda;Belkhedi;Betmogra;Chanwada;Chhidgaon;Chinamusi  tumadu;Dabri;Dhariawad;Dindori;Errakalva    ananthapalli;Degloor;Gandlapet;Halia;Jotasan;Kamalapuram;Kattaleru   tiruvuru;Keesara;Kelo at raigarh;Kogaon;Kovvada kalva near dommeru;Kundanpur;Kurubhata;Pachegaon;Paleru bridge;Parmanpur;Patan;Pati;Rambhapur;Rampur;Rangeli;Salebhata;Madhira;Magaral;Manendragarh;Manot;Morane;Nandipalli;Singavaram;Sundergarh;Talikot;Tapi at burhanpur;Teska;Zari
Kovvadakalva   pragadapalli,4,83,Kovvadakalva   pragadapalli;Pedageddada;Potteru (potteruvagu);Tulaghat
Koyna,23,915,Ambarampalayam;Arangali;Hogenakkal;Jotasan;K.m. vadi;Kalampur;Kallooppara;Koyna;Kudlur;M.h. halli;Pudur;Pulamanthole;Sakleshpur;Samdoli (seasonal);Muthankera;Nandipalli;Ozerkheda;T. bekkupe;Terwad (seasonal);Theni;Thevur;Thoppur;Warunji
Kudlur,17,670,Ambarampalayam;Ambasamudram;Arangali;Hogenakkal;Kalampur;Kallooppara;Koyna;Kudlur;Pudur;Pulamanthole;Sakleshpur;Muthankera;Nandipalli;Theni;Thoppur;Thumpamon;Warunji
Kundanpur,32,1108,Bamnia;Belkhedi;Betmogra;Chanwada;Chhidgaon;Chinamusi  tumadu;Chitrasani -duplicate;Dabri;Dhariawad;Degloor;Gandlapet;Halia;Kattaleru   tiruvuru;Keesara;Kheda;Kogaon;Kovvada kalva near dommeru;Kundanpur;Pachegaon;Paleru bridge;Patan;Pati;Rambhapur;Rangeli;Ratanpur;Madhira;Morane;Navalgund;Talikot;Tapi at burhanpur;Teska;Zari
Kurubhata,23,986,Adityapur;Altuma;Bamnidhi;Baronda;Belkhedi;Dindori;Errakalva    ananthapalli;Fekoghat;Jaraikela;Kattaleru   tiruvuru;Keesara;Kelo at raigarh;Kovvada kalva near dommeru;Kurubhata;Paleru bridge;Parmanpur;Patan;Rampur;Salebhata;Madhira;Manendragarh;Manot;Sundergarh
M.h. halli,35,1371,Akkihebbal;Alladupalli;Ambarampalayam;Betmogra;Chinamusi  tumadu;Elunuthimangalam;Degloor;Halia;Hogenakkal;K.m. vadi;Kalampur;Kamalapuram;Keesara;Koyna;M.h. halli;Pachegaon;Pudur;Pulamanthole;Sakleshpur;Samdoli (seasonal);Madhira;Magaral;Muthankera;Nandipalli;Navalgund;Ozerkheda;Singavaram;T. bekkupe;T. narasipur;T.k.halli;Talikot;Terwad (seasonal);Thevur;Thoppur;Warunji
Pachegaon,49,1783,Akkihebbal;Alladupalli;Bamnia;Betmogra;Chanwada;Chhidgaon;Chinamusi  tumadu;Chitrasani -duplicate;Dabri;Dhariawad;Elunuthimangalam;Errakalva    ananthapalli;Degloor;Gandlapet;Halia;Jotasan;K.m. vadi;Kamalapuram;Kattaleru   tiruvuru;Keesara;Kheda;Kogaon;Kovvada kalva near dommeru;Kundanpur;M.h. halli;Pachegaon;Paleru bridge;Pati;Rambhapur;Rangeli;Ratanpur;Samdoli (seasonal);Madhira;Magaral;Morane;Nandipalli;Navalgund;Ozerkheda;Singavaram;T. bekkupe;T. narasipur;T.k.halli;Talikot;Tapi at burhanpur;Terwad (seasonal);Teska;Thevur;Warunji;Zari
Paleru bridge,51,1929,Akkihebbal;Alladupalli;Bamnia;Bamnidhi;Baronda;Belkhedi;Betmogra;Chanwada;Chhidgaon;Chinamusi  tumadu;Dabri;Dameracherla;Dhariawad;Dindori;Elunuthimangalam;Errakalva    ananthapalli;Degloor;Gandlapet;Halia;Jotasan;Kamalapuram;Kattaleru   tiruvuru;Keesara;Kogaon;Kovvada kalva near dommeru;Kundanpur;Kurubhata;Pachegaon;Paleru bridge;Patan;Pati;Rambhapur;Rampur;Rangeli;Salebhata;Samdoli (seasonal);Madhira;Magaral;Manendragarh;Manot;Morane;Nandipalli;Navalgund;Singavaram;T. bekkupe;Talikot;Tapi at burhanpur;Terwad (seasonal);Teska;Thevur;Zari
Parmanpur,20,828,Adityapur;Altuma;Bamnidhi;Baronda;Belkhedi;Dindori;Errakalva    ananthapalli;Fekoghat;Jaraikela;Kattaleru   tiruvuru;Kelo at raigarh;Kovvada kalva near dommeru;Kurubhata;Parmanpur;Patan;Rampur;Salebhata;Manendragarh;Manot;Sundergarh
Patan,37,1394,Bamnia;Bamnidhi;Baronda;Belkhedi;Betmogra;Chhidgaon;Chinamusi  tumadu;Dabri;Dhariawad;Dindori;Errakalva    ananthapalli;Degloor;Gandlapet;Halia;Kattaleru   tiruvuru;Keesara;Kelo at raigarh;Kogaon;Kovvada kalva near dommeru;Kundanpur;Kurubhata;Paleru bridge;Parmanpur;Patan;Pati;Rambhapur;Rampur;Rangeli;Salebhata;Madhira;Manendragarh;Manot;Morane;Sundergarh;Tapi at burhanpur;Teska;Zari
Pati,40,1435,Bamnia;Belkhedi;Betmogra;Chanwada;Chhidgaon;Chinamusi  tumadu;Chitrasani -duplicate;Dabri;Dhariawad;Errakalva    ananthapalli;Degloor;Gandlapet;Halia;Jotasan;K.m. vadi;Kattaleru   tiruvuru;Keesara;Kheda;Kogaon;Kovvada kalva near dommeru;Kundanpur;Pachegaon;Paleru bridge;Patan;Pati;Rambhapur;Rangeli;Ratanpur;Samdoli (seasonal);Madhira;Morane;Navalgund;Ozerkheda;T. bekkupe;Talikot;Tapi at burhanpur;Terwad (seasonal);Teska;Warunji;Zari
Pedageddada,3,55,Kovvadakalva   pragadapalli;Pedageddada;Tulaghat
Potteru (potteruvagu),8,264,Altuma;Errakalva    ananthapalli;Kovvadakalva   pragadapalli;Potteru (potteruvagu);Magaral;Nandipalli;Sundergarh;Tulaghat
Pudur,29,1179,Akkihebbal;Ambarampalayam;Arangali;Elunuthimangalam;Hogenakkal;K.m. vadi;Kalampur;Kallooppara;Kamalapuram;Koyna;Kudlur;M.h. halli;Pudur;Pulamanthole;Sakleshpur;Samdoli (seasonal);Magaral;Muthankera;Nandipalli;Ozerkheda;Singavaram;T. bekkupe;T. narasipur;T.k.halli;Terwad (seasonal);Theni;Thevur;Thoppur;Warunji
Pulamanthole,19,745,Ambarampalayam;Ambasamudram;Arangali;Hogenakkal;Kalampur;Kallooppara;Koyna;Kudlur;M.h. halli;Pudur;Pulamanthole;Sakleshpur;Muthankera;Nandipalli;Theni;Thevur;Thoppur;Thumpamon;Warunji
Rambhapur,33,1139,Bamnia;Belkhedi;Betmogra;Chanwada;Chhidgaon;Chinamusi  tumadu;Chitrasani -duplicate;Dabri;Dhariawad;Degloor;Gandlapet;Halia;Jotasan;Kattaleru   tiruvuru;Kheda;Kogaon;Kovvada kalva near dommeru;Kundanpur;Pachegaon;Paleru bridge;Patan;Pati;Rambhapur;Rangeli;Ratanpur;Samdoli (seasonal);Madhira;Morane;Navalgund;Talikot;Terwad (seasonal);Teska;Zari
Rampur,28,1157,Adityapur;Altuma;Bamnidhi;Baronda;Belkhedi;Chhidgaon;Chinamusi  tumadu;Dindori;Errakalva    ananthapalli;Fekoghat;Gandlapet;Halia;Jaraikela;Kattaleru   tiruvuru;Keesara;Kelo at raigarh;Kovvada kalva near dommeru;Kurubhata;Paleru bridge;Parmanpur;Patan;Rampur;Salebhata;Madhira;Manendragarh;Manot;Sundergarh;Teska
Rangeli,37,1342,Alladupalli;Bamnia;Belkhedi;Betmogra;Chanwada;Chhidgaon;Chinamusi  tumadu;Dabri;Dameracherla;Dhariawad;Errakalva    ananthapalli;Degloor;Gandlapet;Halia;Kamalapuram;Kattaleru   tiruvuru;Keesara;Kheda;Kogaon;Kovvada kalva near dommeru;Kundanpur;Pachegaon;Paleru bridge;Patan;Pati;Rambhapur;Rangeli;Ratanpur;Madhira;Morane;Navalgund;Singavaram;Somanpally(seasonal);Talikot;Tapi at burhanpur;Teska;Zari
Ratanpur,21,662,Bamnia;Betmogra;Chanwada;Chitrasani -duplicate;Dabri;Dhariawad;Degloor;Gandlapet;Kheda;Kogaon;Kundanpur;Pachegaon;Pati;Rambhapur;Rangeli;Ratanpur;Morane;Navalgund;Talikot;Teska;Zari
Sakleshpur,27,1076,Akkihebbal;Ambarampalayam;Elunuthimangalam;Hogenakkal;Jotasan;K.m. vadi;Kalampur;Kallooppara;Koyna;Kudlur;M.h. halli;Pudur;Pulamanthole;Sakleshpur;Samdoli (seasonal);Magaral;Muthankera;Nandipalli;Ozerkheda;Singavaram;T. bekkupe;T. narasipur;Terwad (seasonal);Theni;Thevur;Thoppur;Warunji
Salebhata,25,1078,Adityapur;Altuma;Bamnidhi;Baronda;Belkhedi;Chhidgaon;Dindori;Errakalva    ananthapalli;Fekoghat;Halia;Jaraikela;Kattaleru   tiruvuru;Keesara;Kelo at raigarh;Kovvada kalva near dommeru;Kurubhata;Paleru bridge;Parmanpur;Patan;Rampur;Salebhata;Madhira;Manendragarh;Manot;Sundergarh
Samdoli (seasonal),42,1597,Akkihebbal;Betmogra;Chanwada;Chhidgaon;Chinamusi  tumadu;Chitrasani -duplicate;Elunuthimangalam;Degloor;Gandlapet;Halia;Hogenakkal;Jotasan;K.m. vadi;Kamalapuram;Kattaleru   tiruvuru;Keesara;Kogaon;Koyna;M.h. halli;Pachegaon;Paleru bridge;Pati;Pudur;Rambhapur;Sakleshpur;Samdoli (seasonal);Madhira;Magaral;Morane;Nandipalli;Navalgund;Ozerkheda;Singavaram;T. bekkupe;T. narasipur;T.k.halli;Talikot;Tapi at burhanpur;Terwad (seasonal);Thevur;Warunji;Zari
Sevanur,1,27,Sevanur
Madhira,50,1943,Alladupalli;Bamnidhi;Baronda;Belkhedi;Betmogra;Chanwada;Chhidgaon;Chinamusi  tumadu;Dindori;Elunuthimangalam;Errakalva    ananthapalli;Degloor;Gandlapet;Halia;Jotasan;Kamalapuram;Kattaleru   tiruvuru;Keesara;Kelo at raigarh;Kogaon;Kovvada kalva near dommeru;Kundanpur;Kurubhata;M.h. halli;Pachegaon;Paleru bridge;Patan;Pati;Rambhapur;Rampur;Rangeli;Salebhata;Samdoli (seasonal);Madhira;Magaral;Manendragarh;Manot;Morane;Nandipalli;Navalgund;Ozerkheda;Singavaram;Sundergarh;T. bekkupe;Talikot;Tapi at burhanpur;Terwad (seasonal);Teska;Thevur;Zari
Magaral,33,1291,Akkihebbal;Alladupalli;Ambarampalayam;Chinamusi  tumadu;Elunuthimangalam;Errakalva    ananthapalli;Halia;Hogenakkal;K.m. vadi;Kamalapuram;Kattaleru   tiruvuru;Keesara;Kovvada kalva near dommeru;M.h. halli;Pachegaon;Paleru bridge;Potteru (potteruvagu);Pudur;Sakleshpur;Samdoli (seasonal);Madhira;Magaral;Muthankera;Nandipalli;Singavaram;T. bekkupe;T. narasipur;T.k.halli;Tapi at burhanpur;Terwad (seasonal);Thevur;Thoppur;Warunji
Manendragarh,25,1043,Adityapur;Altuma;Bamnidhi;Baronda;Belkhedi;Chhidgaon;Dindori;Errakalva    ananthapalli;Fekoghat;Gandlapet;Kattaleru   tiruvuru;Keesara;Kelo at raigarh;Kovvada kalva near dommeru;Kurubhata;Paleru bridge;Parmanpur;Patan;Rampur;Salebhata;Madhira;Manendragarh;Manot;Sundergarh;Teska
Manot,31,1265,Adityapur;Altuma;Bamnidhi;Baronda;Belkhedi;Betmogra;Chhidgaon;Chinamusi  tumadu;Dindori;Errakalva    ananthapalli;Fekoghat;Degloor;Gandlapet;Halia;Kattaleru   tiruvuru;Keesara;Kelo at raigarh;Kogaon;Kovvada kalva near dommeru;Kurubhata;Paleru bridge;Parmanpur;Patan;Rampur;Salebhata;Madhira;Manendragarh;Manot;Sundergarh;Tapi at burhanpur;Teska
Morane,40,1422,Bamnia;Belkhedi;Betmogra;Chanwada;Chhidgaon;Chinamusi  tumadu;Chitrasani -duplicate;Dabri;Dhariawad;Errakalva    ananthapalli;Degloor;Gandlapet;Halia;Jotasan;K.m. vadi;Kattaleru   tiruvuru;Keesara;Kheda;Kogaon;Kovvada kalva near dommeru;Kundanpur;Pachegaon;Paleru bridge;Patan;Pati;Rambhapur;Rangeli;Ratanpur;Samdoli (seasonal);Madhira;Morane;Navalgund;Ozerkheda;Singavaram;T. bekkupe;Talikot;Tapi at burhanpur;Terwad (seasonal);Teska;Zari
Muthankera,25,984,Ambarampalayam;Ambasamudram;Arangali;Elunuthimangalam;Hogenakkal;K.m. vadi;Kalampur;Kallooppara;Koyna;Kudlur;M.h. halli;Pudur;Pulamanthole;Sakleshpur;Magaral;Muthankera;Nandipalli;Ozerkheda;T. bekkupe;Terwad (seasonal);Theni;Thevur;Thoppur;Thumpamon;Warunji
Nandipalli,42,1611,Akkihebbal;Alladupalli;Ambarampalayam;Betmogra;Chhidgaon;Chinamusi  tumadu;Elunuthimangalam;Errakalva    ananthapalli;Degloor;Gandlapet;Halia;Hogenakkal;Jotasan;K.m. vadi;Kalampur;Kamalapuram;Kattaleru   tiruvuru;Keesara;Kovvada kalva near dommeru;Koyna;Kudlur;M.h. halli;Pachegaon;Paleru bridge;Potteru (potteruvagu);Pudur;Pulamanthole;Sakleshpur;Samdoli (seasonal);Madhira;Magaral;Muthankera;Nandipalli;Ozerkheda;Singavaram;T. bekkupe;T. narasipur;Tapi at burhanpur;Terwad (seasonal);Thevur;Thoppur;Warunji
Narmadapuram,1,54,Narmadapuram
Navalgund,41,1472,Akkihebbal;Alladupalli;Bamnia;Betmogra;Chanwada;Chinamusi  tumadu;Chitrasani -duplicate;Dabri;Dhariawad;Elunuthimangalam;Degloor;Gandlapet;Halia;K.m. vadi;Kamalapuram;Kattaleru   tiruvuru;Keesara;Kheda;Kogaon;Kundanpur;M.h. halli;Pachegaon;Paleru bridge;Pati;Rambhapur;Rangeli;Ratanpur;Samdoli (seasonal);Madhira;Morane;Navalgund;Singavaram;T. bekkupe;T. narasipur;T.k.halli;Talikot;Tapi at burhanpur;Terwad (seasonal);Teska;Thevur;Zari
Ozerkheda,29,1037,Betmogra;Chhidgaon;Chinamusi  tumadu;Chitrasani -duplicate;Elunuthimangalam;Degloor;Gandlapet;Hogenakkal;Jotasan;K.m. vadi;Kattaleru   tiruvuru;Koyna;M.h. halli;Pachegaon;Pati;Pudur;Sakleshpur;Samdoli (seasonal);Madhira;Morane;Muthankera;Nandipalli;Ozerkheda;T. bekkupe;Talikot;Terwad (seasonal);Thevur;Thoppur;Warunji
Singavaram,39,1512,Akkihebbal;Alladupalli;Betmogra;Chinamusi  tumadu;Dameracherla;Elunuthimangalam;Errakalva    ananthapalli;Degloor;Gandlapet;Halia;Hogenakkal;K.m. vadi;Kamalapuram;Kattaleru   tiruvuru;Keesara;Kogaon;Kovvada kalva near dommeru;M.h. halli;Pachegaon;Paleru bridge;Pudur;Rangeli;Sakleshpur;Samdoli (seasonal);Madhira;Magaral;Morane;Nandipalli;Navalgund;Singavaram;T. bekkupe;T. narasipur;T.k.halli;Talikot;Tapi at burhanpur;Terwad (seasonal);Thevur;Warunji;Zari
Somanpally(seasonal),7,335,sandia;Alladupalli;Dameracherla;Rangeli;Somanpally(seasonal);Tapi at burhanpur;Zari
Sundergarh,23,914,Adityapur;Altuma;Bamnidhi;Baronda;Belkhedi;Chhidgaon;Dindori;Errakalva    ananthapalli;Fekoghat;Kattaleru   tiruvuru;Kelo at raigarh;Kovvada kalva near dommeru;Kurubhata;Parmanpur;Patan;Potteru (potteruvagu);Rampur;Salebhata;Madhira;Manendragarh;Manot;Sundergarh;Tulaghat
T. bekkupe,39,1491,Akkihebbal;Alladupalli;Betmogra;Chinamusi  tumadu;Elunuthimangalam;Errakalva    ananthapalli;Degloor;Gandlapet;Halia;Hogenakkal;K.m. vadi;Kamalapuram;Kattaleru   tiruvuru;Keesara;Koyna;M.h. halli;Pachegaon;Paleru bridge;Pati;Pudur;Sakleshpur;Samdoli (seasonal);Madhira;Magaral;Morane;Muthankera;Nandipalli;Navalgund;Ozerkheda;Singavaram;T. bekkupe;T. narasipur;T.k.halli;Talikot;Tapi at burhanpur;Terwad (seasonal);Thevur;Warunji;Zari
T. narasipur,26,1024,Akkihebbal;Alladupalli;Chinamusi  tumadu;Elunuthimangalam;Halia;Hogenakkal;K.m. vadi;Kamalapuram;Keesara;M.h. halli;Pachegaon;Pudur;Sakleshpur;Samdoli (seasonal);Magaral;Nandipalli;Navalgund;Singavaram;T. bekkupe;T. narasipur;T.k.halli;Talikot;Tapi at burhanpur;Terwad (seasonal);Thevur;Warunji
T.k.halli,24,973,Akkihebbal;Alladupalli;Chinamusi  tumadu;Dameracherla;Elunuthimangalam;Halia;K.m. vadi;Kamalapuram;Keesara;M.h. halli;Pachegaon;Pudur;Samdoli (seasonal);Magaral;Navalgund;Singavaram;T. bekkupe;T. narasipur;T.k.halli;Talikot;Tapi at burhanpur;Terwad (seasonal);Thevur;Zari
Talikot,46,1632,Akkihebbal;Alladupalli;Bamnia;Betmogra;Chanwada;Chhidgaon;Chinamusi  tumadu;Chitrasani -duplicate;Dabri;Dhariawad;Elunuthimangalam;Errakalva    ananthapalli;Degloor;Gandlapet;Halia;Jotasan;K.m. vadi;Kamalapuram;Kattaleru   tiruvuru;Keesara;Kheda;Kogaon;Kovvada kalva near dommeru;Kundanpur;M.h. halli;Pachegaon;Paleru bridge;Pati;Rambhapur;Rangeli;Ratanpur;Samdoli (seasonal);Madhira;Morane;Navalgund;Ozerkheda;Singavaram;T. bekkupe;T. narasipur;T.k.halli;Talikot;Tapi at burhanpur;Terwad (seasonal);Teska;Thevur;Zari
Tapi at burhanpur,42,1655,Akkihebbal;Alladupalli;Baronda;Belkhedi;Betmogra;Chanwada;Chhidgaon;Chinamusi  tumadu;Dameracherla;Elunuthimangalam;Errakalva    ananthapalli;Degloor;Gandlapet;Halia;Kamalapuram;Kattaleru   tiruvuru;Keesara;Kogaon;Kovvada kalva near dommeru;Kundanpur;Pachegaon;Paleru bridge;Patan;Pati;Rangeli;Samdoli (seasonal);Madhira;Magaral;Manot;Morane;Nandipalli;Navalgund;Singavaram;Somanpally(seasonal);T. bekkupe;T. narasipur;T.k.halli;Talikot;Tapi at burhanpur;Terwad (seasonal);Teska;Zari
Terwad (seasonal),43,1650,Akkihebbal;Betmogra;Chanwada;Chhidgaon;Chinamusi  tumadu;Chitrasani -duplicate;Elunuthimangalam;Degloor;Gandlapet;Halia;Hogenakkal;Jotasan;K.m. vadi;Kamalapuram;Kattaleru   tiruvuru;Keesara;Kogaon;Koyna;M.h. halli;Pachegaon;Paleru bridge;Pati;Pudur;Rambhapur;Sakleshpur;Samdoli (seasonal);Madhira;Magaral;Morane;Muthankera;Nandipalli;Navalgund;Ozerkheda;Singavaram;T. bekkupe;T. narasipur;T.k.halli;Talikot;Tapi at burhanpur;Terwad (seasonal);Thevur;Warunji;Zari
Teska,41,1472,Bamnia;Bamnidhi;Baronda;Belkhedi;Betmogra;Chanwada;Chhidgaon;Chinamusi  tumadu;Chitrasani -duplicate;Dabri;Dhariawad;Dindori;Errakalva    ananthapalli;Degloor;Gandlapet;Halia;Jotasan;Kattaleru   tiruvuru;Keesara;Kelo at raigarh;Kheda;Kogaon;Kovvada kalva near dommeru;Kundanpur;Pachegaon;Paleru bridge;Patan;Pati;Rambhapur;Rampur;Rangeli;Ratanpur;Madhira;Manendragarh;Manot;Morane;Navalgund;Talikot;Tapi at burhanpur;Teska;Zari
Theni,16,634,Ambarampalayam;Ambasamudram;Arangali;Hogenakkal;Kalampur;Kallooppara;Koyna;Kudlur;Pudur;Pulamanthole;Sakleshpur;Muthankera;Theni;Thoppur;Thumpamon;Warunji
Thevur,37,1454,Akkihebbal;Alladupalli;Ambarampalayam;Betmogra;Chinamusi  tumadu;Elunuthimangalam;Degloor;Halia;Hogenakkal;Jotasan;K.m. vadi;Kalampur;Kamalapuram;Keesara;Koyna;M.h. halli;Pachegaon;Paleru bridge;Pudur;Pulamanthole;Sakleshpur;Samdoli (seasonal);Madhira;Magaral;Muthankera;Nandipalli;Navalgund;Ozerkheda;Singavaram;T. bekkupe;T. narasipur;T.k.halli;Talikot;Terwad (seasonal);Thevur;Thoppur;Warunji
Thoppur,22,887,Ambarampalayam;Ambasamudram;Arangali;Hogenakkal;K.m. vadi;Kalampur;Kallooppara;Koyna;Kudlur;M.h. halli;Pudur;Pulamanthole;Sakleshpur;Magaral;Muthankera;Nandipalli;Ozerkheda;Theni;Thevur;Thoppur;Thumpamon;Warunji
Thumpamon,11,446,Ambarampalayam;Ambasamudram;Arangali;Kalampur;Kallooppara;Kudlur;Pulamanthole;Muthankera;Theni;Thoppur;Thumpamon
Tuichang,1,21,Tuichang
Tulaghat,6,169,Altuma;Kovvadakalva   pragadapalli;Pedageddada;Potteru (potteruvagu);Sundergarh;Tulaghat
Warunji,30,1160,Akkihebbal;Ambarampalayam;Chinamusi  tumadu;Elunuthimangalam;Hogenakkal;Jotasan;K.m. vadi;Kalampur;Kallooppara;Koyna;Kudlur;M.h. halli;Pachegaon;Pati;Pudur;Pulamanthole;Sakleshpur;Samdoli (seasonal);Magaral;Muthankera;Nandipalli;Ozerkheda;Singavaram;T. bekkupe;T. narasipur;Terwad (seasonal);Theni;Thevur;Thoppur;Warunji
Zari,41,1521,Alladupalli;Bamnia;Belkhedi;Betmogra;Chanwada;Chhidgaon;Chinamusi  tumadu;Dabri;Dameracherla;Dhariawad;Errakalva    ananthapalli;Degloor;Gandlapet;Halia;Kamalapuram;Kattaleru   tiruvuru;Keesara;Kheda;Kogaon;Kovvada kalva near dommeru;Kundanpur;Pachegaon;Paleru bridge;Patan;Pati;Rambhapur;Rangeli;Ratanpur;Samdoli (seasonal);Madhira;Morane;Navalgund;Singavaram;Somanpally(seasonal);T. bekkupe;T.k.halli;Talikot;Tapi at burhanpur;Terwad (seasonal);Teska;Zari
