target,size,added,H1,H2,H3
sandia,5,Kurubhata,8.967575994317903,7.301627210297992,5.902607401671995
sandia,6,Somanpally(seasonal),9.89181531224742,7.909907095167624,6.1378489896174715
Adityapur,5,Bamnidhi,10.421887301805794,5.491285339434628,5.197176937689775
Adityapur,6,Parmanpur,9.222686718769683,4.741674605366886,4.544496310718876
Akkihebbal,5,T. bekkupe,2.8300942248842267,2.8974234333847986,3.0766521605326815
Akkihebbal,6,K.m. vadi,2.557113789693848,2.5556975482881694,2.4929847717749825
Alladupalli,5,Singavaram,4.451365778002474,3.1215983541774333,1.625567675047149
Alladupalli,6,Magaral,4.775033604851549,3.132846104558433,1.3102531768931491
Altuma,5,Salebhata,0.6631347700888301,-0.727307369755367,-1.0708820401305859
Altuma,6,Sundergarh,0.19429604894062033,-0.1792180995986882,-0.6311806578123647
Altuma,7,Bamnidhi,0.5066289243409294,0.03117154762388991,-0.191939171410257
Altuma,8,Baronda,1.0927136898997822,0.20124261582992703,-0.20171128505978642
Altuma,9,Fekoghat,0.935647299134207,0.10742037225326348,-0.4141412966227539
Altuma,10,Adityapur,1.15457419285646,0.6863844307719776,0.1864887927336388
Altuma,11,Tulaghat,2.162573666744201,0.8964115075393149,0.13715675210933417
Altuma,12,Errakalva    ananthapalli,2.188812749546051,0.7922423028681427,0.02708601531588202
Ambarampalayam,5,Thumpamon,6.537994470910763,4.2981266940553775,2.931303773335675
Ambarampalayam,6,Theni,6.108867309900694,3.4552144564102387,2.2359831762941416
Ambasamudram,5,Thoppur,5.319617820656004,4.733861942034893,3.026367155404816
Ambasamudram,6,Arangali,6.690955279919093,5.409309814104923,3.3735787393027694
Arangali,5,Theni,4.6441185063905746,2.923587862536994,1.807653335777411
Arangali,6,Thumpamon,6.225037001111201,3.7745381354754284,2.448481679532817
Bamnia,5,Chitrasani -duplicate,1.8075721052850717,1.0240788962621903,0.8939814716084828
Bamnia,6,Chhidgaon,3.124072050834523,1.5275498133484147,1.3252589184453847
Bamnia,7,Teska,3.238495407217651,1.5255560737483045,1.3436931275268005
Bamnidhi,5,Salebhata,7.570383114135358,4.7347746492298715,3.0913143940282475
Bamnidhi,6,Parmanpur,6.781061987861459,4.15015237509906,2.6685145057179467
Baronda,5,Parmanpur,-0.7359852418479585,-0.5261710290781662,-0.38355611269027984
Baronda,6,Kurubhata,6.82535358816096,3.666946875403278,2.6003707941091636
Baronda,7,Kelo at raigarh,6.0656430573923945,2.950471865196387,2.1163648500080683
Belkhedi,5,Dindori,1.3433103102866895,-0.21150546044822277,-0.7879057557291141
Belkhedi,6,Baronda,1.5164032408877792,-0.39167933300912194,-1.0947809975125617
Belkhedi,7,Degloor,2.364057114304398,-0.2608761460547161,-1.1659245413046404
Belkhedi,8,Sundergarh,2.198354371334367,0.18349429154201202,-0.4235144940690789
Betmogra,5,Talikot,4.063408233052195,3.07368275008176,3.336209923436395
Betmogra,6,Belkhedi,4.392124184384382,2.8517642168339927,2.605076128541133
Chanwada,5,Pati,4.01016786200292,3.165077048819177,2.090974060925942
Chanwada,6,Ratanpur,3.967366177426714,3.484563673829123,2.3127034844746723
Chhidgaon,5,Pati,1.5216965133702156,0.12599285865625448,-1.1985430948038505
Chhidgaon,6,Patan,4.602838241854202,3.4958100804967875,1.9854088397830714
Chhidgaon,7,Kundanpur,4.2862072286424695,3.221532076718416,1.9217460203488042
Chinamusi  tumadu,5,Keesara,0.9609692522909599,0.9036659742257365,1.0597756918671706
Chinamusi  tumadu,6,Halia,2.3667263446636997,2.0355575791585916,2.1257726602535243
Chinamusi  tumadu,7,Nandipalli,2.706626551347005,2.1229803124143993,1.8540888518086724
Chitrasani -duplicate,5,Dhariawad,1.7714669182461138,1.0320544323945855,0.9717094535956746
Chitrasani -duplicate,6,Pati,1.863889344326185,0.8266730202253932,0.9908723467647812
Chitrasani -duplicate,7,Ozerkheda,4.0790041610909995,1.9029745856424778,1.5511386888353924
Chitrasani -duplicate,8,Ratanpur,4.090261944486109,2.2949113156895855,1.7936889641771128
Dabri,5,Chitrasani -duplicate,1.9368381476019965,1.0407253862322334,0.890898534611675
Dabri,6,Teska,2.2813478395964415,1.0974962124946945,1.1108128597831552
Dabri,7,Chhidgaon,3.379742507043475,1.5561499977343414,1.3843320301705175
Dameracherla,5,Singavaram,3.6079693550883194,2.611123288683353,1.4238908321002277
Dameracherla,6,Keesara,4.790336053417533,3.849946905043892,2.6907040481788673
Dhariawad,5,Kundanpur,0.481639623273597,0.33398511604416403,0.07628913610482409
Dhariawad,6,Ratanpur,1.8868222077112655,1.1460450341954111,0.7771066013777198
Dhariawad,7,Dabri,1.9495288623368594,1.2849746194071607,1.025396327879021
Dhariawad,8,Kheda,2.7022734088360245,1.8556055236285105,1.1266142992917474
Dhariawad,9,Teska,2.8282233482575254,1.950717801029099,1.2325736832803156
Dindori,5,Teska,2.0083809779389927,1.6608134503569076,0.5101264308623983
Dindori,6,Chhidgaon,2.060986392679943,1.4265621073344243,0.06420003896070643
Elunuthimangalam,5,Magaral,4.860962485034336,2.7207337019710627,0.35593051250148827
Elunuthimangalam,6,Thevur,4.758422556175069,2.3716917062012937,0.05355367330111691
Errakalva    ananthapalli,5,Paleru bridge,1.0941613225451465,0.9203669941501983,1.007440603873557
Errakalva    ananthapalli,6,Halia,2.7265226289614337,2.1682043915771443,2.1146033314393606
Errakalva    ananthapalli,7,Nandipalli,2.9597948395772415,2.0902227467287426,1.7165404189576772
Fekoghat,5,Sundergarh,0.0439287970477968,0.17486124680824663,-0.2312759204452133
Fekoghat,6,Rampur,-0.01408821171192463,-0.01511981882313737,-0.31024797071130966
Fekoghat,7,Salebhata,-0.07053945146185289,-0.33257093617526323,-0.7651743161984887
Fekoghat,8,Baronda,0.7469828178644773,0.020338874701417924,-0.6407663963692092
Fekoghat,9,Adityapur,0.9623866642850566,0.48896669849649005,-0.05426982068235483
Fekoghat,10,Bamnidhi,1.182974776377388,0.7068364662770685,0.22144641652756178
Fekoghat,11,Paleru bridge,2.902661987877481,1.4152609180909692,0.5593677488672167
Fekoghat,12,Errakalva    ananthapalli,2.828021158450224,1.3238622447528483,0.46079640731608085
Degloor,5,Talikot,3.771036609731177,2.8887568725217276,3.1986747171639345
Degloor,6,Zari,4.1616480987195965,2.88344869287864,2.8801071746456772
Gandlapet,5,Betmogra,1.8792000519565046,1.470388675811422,1.573013969651362
Gandlapet,6,Zari,2.0173267784371838,1.451338848522217,1.858501229108832
Gandlapet,7,Madhira,3.3531468010469867,2.179737031414618,2.512134984343913
Halia,5,Gandlapet,3.446104785269627,2.719662551683266,2.4774166443316448
Halia,6,Chinamusi  tumadu,3.1953850696610715,2.4690129276498083,2.263161238136638
Hogenakkal,5,Terwad (seasonal),5.521904621077704,4.097295119042547,1.7862592523840275
Hogenakkal,6,Samdoli (seasonal),9.726930629912813,7.877324779165338,4.47977654497985
Jaraikela,5,Khanditar,11.272548173828001,5.8396851052721415,5.348973254777274
Jaraikela,6,Manot,11.768050055698394,6.5312009621914955,5.93756576463486
Jotasan,5,Dhariawad,2.8400618422666857,2.357410314592628,1.7154027868698316
Jotasan,6,Kogaon,3.8481707927118984,2.967959623984413,2.0651569943828023
K.m. vadi,5,Warunji,2.476581009401069,1.9822717631728635,1.2323711229442063
K.m. vadi,6,Muthankera,3.7592328778977078,2.7543542711322093,1.5122578829730486
Kalampur,5,Thumpamon,5.940120371003416,5.479012475715517,3.8713882917898665
Kalampur,6,Ambasamudram,5.785799796807839,4.95697220857155,3.589095637333584
Kallooppara,5,Thoppur,5.817506608506375,5.0884859718795346,3.734591066594487
Kallooppara,6,Ambasamudram,5.778351864549479,4.845852155277962,3.6439702920890986
Kamalapuram,5,Dameracherla,4.326674046471965,3.008435859236937,1.0073867921908555
Kamalapuram,6,Magaral,5.00918198720342,3.1148207911045964,0.8841288069809786
Kattaleru   tiruvuru,5,Paleru bridge,2.0740940411354845,2.6211965411038216,2.510140071792462
Kattaleru   tiruvuru,6,Errakalva    ananthapalli,1.7252135918545473,2.024719038099478,1.9410653466376526
Kattaleru   tiruvuru,7,Gandlapet,2.916850001348717,2.6334007579306338,1.7127276800990834
Kattaleru   tiruvuru,8,Keesara,3.3629184647202734,2.6223821257213507,1.6610179391092543
Keesara,5,Paleru bridge,2.6628039861033153,2.443466802110014,2.406787637934784
Keesara,6,Magaral,3.4972693878779997,2.9068934324998748,2.181263196753828
Kelo at raigarh,5,Baronda,0.24734592587905832,0.2525874830477328,-0.12353771510213955
Kelo at raigarh,6,Bamnidhi,0.30087731456606054,0.08135673098845271,0.127907319551188
Kelo at raigarh,7,Manendragarh,-0.10835343207849402,-0.08274690578877412,0.10973688262640596
Kelo at raigarh,8,Altuma,0.9181000880840117,0.5199687911201226,0.2172725802709626
Kelo at raigarh,9,Belkhedi,0.967558671712098,0.35821606848822896,0.08606070851893687
Kelo at raigarh,10,Fekoghat,0.8710228576136999,0.40192265810178235,-0.04894731540965012
Kelo at raigarh,11,Salebhata,0.62719106244937,0.018250478278156207,-0.39247970862664844
Kelo at raigarh,12,Patan,1.807768344934967,1.849262973185084,0.9133239137619477
Kelo at raigarh,13,Kurubhata,5.425921041960201,4.284946707497769,2.67361292625613
Kelo at raigarh,14,Chhidgaon,5.571568389313126,4.073543943489793,2.420362972032039
Khanditar,5,Jaraikela,9.343398957179211,4.473843720991699,3.8823090479295415
Khanditar,6,Bamnidhi,9.78998455169121,4.711506495120035,4.188557148565647
Kheda,5,Kogaon,4.631827307494807,3.447175195514264,1.55198457363373
Kheda,6,Kundanpur,4.987958838437803,3.8181533761373982,1.8651211053481513
Kogaon,5,Kundanpur,3.6319137383980524,2.9008176433512376,2.1890938800561486
Kogaon,6,Kheda,4.779112701501854,3.9097239427463006,2.5541962315606903
Kovvada kalva near dommeru,5,Madhira,1.2977002079061766,0.5769150756985074,0.02615288398174792
Kovvada kalva near dommeru,6,Paleru bridge,1.626439769719105,1.9740112796893292,1.988205044612262
Kovvada kalva near dommeru,7,Keesara,1.7800223391588943,1.529631547356982,1.6625535528425255
Kovvada kalva near dommeru,8,Halia,3.4863202502476507,3.3642724911188657,3.2902788785246924
Kovvada kalva near dommeru,9,Gandlapet,3.9939568333906514,3.5285586349488134,2.90651373283709
Koyna,5,Samdoli (seasonal),5.918241988548581,4.96924736921658,3.0323347226028394
Koyna,6,Muthankera,7.000253545800649,4.719923682507642,2.4953027337570535
Kudlur,5,Hogenakkal,6.341778427480821,3.5638295899548638,0.9928247893060327
Kudlur,6,Warunji,6.501866213140258,3.282746831069562,0.4571867250092446
Kundanpur,5,Ratanpur,4.354320874839118,2.716364019827422,1.3845307701243927
Kundanpur,6,Chhidgaon,4.8313908548373625,3.0638661111020635,1.2781591837852853
Kurubhata,5,Adityapur,8.277487347181578,5.795104659445142,4.229454194079955
Kurubhata,6,Rampur,7.4160753472881185,4.576878043622427,3.3210223372152425
M.h. halli,5,T. narasipur,1.1666105475421424,0.8525440807474784,0.6040534737979476
M.h. halli,6,T.k.halli,2.2871948294183695,2.211066062925502,2.2105131065554593
M.h. halli,7,Muthankera,4.063609181715543,3.510985081826903,3.1795706015212226
Pachegaon,5,Morane,2.589251128068526,2.455095427237399,2.1707149122768192
Pachegaon,6,Singavaram,2.714462554774382,2.6365198612828946,2.1488298777323647
Paleru bridge,5,Gandlapet,1.6699485778035548,0.73817022675592,1.1474409489544521
Paleru bridge,6,Errakalva    ananthapalli,1.7373106459787024,1.0523392152214077,1.3074715860817763
Paleru bridge,7,Keesara,3.1036127781953398,2.4428341183276436,2.137925840000067
Paleru bridge,8,Baronda,3.1055279791151738,2.1839616287946804,1.538868633450027
Parmanpur,5,Baronda,0.32616500236572504,-0.10252294429993987,-0.18380878656981509
Parmanpur,6,Salebhata,-0.10457056943295233,-0.6301050143111884,-0.6238338074448984
Parmanpur,7,Adityapur,0.4864159301372221,0.09236617556643242,0.14233548687488584
Parmanpur,8,Kurubhata,5.627375024837737,3.222641461032978,2.5662440474229467
Parmanpur,9,Altuma,5.938246224501887,3.378210053712385,2.251264401622921
Patan,5,Rampur,2.868462027062292,2.8968388173941126,1.8763884359315066
Patan,6,Bamnidhi,2.6769688007725665,2.701709647250883,1.641633054117626
Pati,5,Chanwada,3.7722911423037657,2.459395888535629,1.7926495751248301
Pati,6,Ratanpur,4.5147158249664825,3.5124253308660385,2.699989531152235
Pedageddada,5,Kudlur,3.3211303359774376,2.0701020557998158,0.19587660789473793
Pedageddada,6,Ozerkheda,4.09506798238236,2.70691196632386,1.043583315778714
Potteru (potteruvagu),5,Bamnidhi,8.541428602635026,6.988266094961939,4.521285473908717
Potteru (potteruvagu),6,Baronda,8.604812413769281,5.86241578140232,3.487938537600099
Pudur,5,Pulamanthole,3.80294620840338,2.5438674467655424,1.5220627863110097
Pudur,6,Arangali,4.722313176283018,2.9763324200366066,1.5529011818819343
Pulamanthole,5,Theni,6.143722209196138,3.6837065506963445,2.4521684344225467
Pulamanthole,6,Kallooppara,4.918162485438305,3.8272996108175765,3.3266594621016736
Rambhapur,5,Chitrasani -duplicate,1.7484300614404373,0.9744809774133201,0.8967520589041938
Rambhapur,6,Chhidgaon,3.005252018419267,1.4243063902960915,1.2623861665924134
Rambhapur,7,Ratanpur,3.036146819465637,2.0079533049747194,1.5124856909742201
Rampur,5,Salebhata,-0.5613048043827331,-0.5219951681904689,-0.4224087701105168
Rampur,6,Kelo at raigarh,-0.08865776757637418,-0.5758980382476679,-0.5635477461514948
Rampur,7,Kurubhata,6.4942470692981065,3.0440736425719215,2.055737924227155
Rampur,8,Patan,7.231730105126681,5.964285683661112,4.58258260959884
Rangeli,5,Morane,4.336756163169318,3.591986964931496,2.197677363610132
Rangeli,6,Kundanpur,4.541282794100067,3.6847157450461996,2.378183326837106
Ratanpur,5,Kundanpur,3.826837875185188,3.269055631016779,1.892123590066753
Ratanpur,6,Kogaon,4.660822286849071,3.842803147214236,2.022400040553749
Sakleshpur,5,Muthankera,3.4351425281992385,2.159025052507718,1.3334081993318465
Sakleshpur,6,Kudlur,3.559538144890716,2.2728537677567306,1.1794923051003523
Salebhata,5,Kurubhata,7.413355489356982,4.280893336120103,2.798195893329139
Salebhata,6,Adityapur,7.476564423159443,4.762372649428011,3.368390993257276
Samdoli (seasonal),5,Navalgund,3.871394915165029,4.006480065123196,2.5231890277682947
Samdoli (seasonal),6,T. bekkupe,5.864313784054814,4.871114759064291,2.7959701690260674
Sevanur,5,Kamalapuram,4.544952977725617,4.078978046857968,3.663121266036621
Sevanur,6,Akkihebbal,4.8338425394627835,4.234134373654501,3.81527344629211
Madhira,5,Paleru bridge,1.0221574036256198,1.0083662381389613,1.1397820486756065
Madhira,6,Nandipalli,2.093493551156398,1.4856960223387625,0.9324722364090864
Madhira,7,Gandlapet,2.6131973093823953,1.6204982162587236,0.6060423760298084
Magaral,5,Madhira,4.3686905478548494,3.2662512531214896,1.4680699742119585
Magaral,6,Errakalva    ananthapalli,4.191276332468206,3.2395548543756023,1.2974181193566745
Manendragarh,5,Sundergarh,0.1108894907337756,0.14132083852968666,-0.11913337212075437
Manendragarh,6,Teska,0.5456376364292531,0.18129806012393349,-0.10104336985386458
Manendragarh,7,Manot,1.0091768690376794,1.252658500387247,0.744956955108209
Manendragarh,8,Chhidgaon,1.2416976846553933,1.0402457486249541,0.3583689343253724
Manendragarh,9,Parmanpur,1.1200357004970645,0.904606453723608,0.3405061170617777
Manendragarh,10,Baronda,1.570696385892401,0.9662537912885074,0.2130542992962909
Manendragarh,11,Bamnidhi,1.6780167845572778,0.8156227526120337,0.2004789430286509
Manendragarh,12,Rampur,1.4644025982870548,0.8837095024895811,0.15283101601050453
Manendragarh,13,Patan,2.614220506422471,2.8197745265280245,1.5455370198894471
Manendragarh,14,Degloor,3.766216767229975,3.1184440359653927,1.5285923944575703
Manot,5,Manendragarh,7.050602346832162,5.993633202122585,4.374656517278531
Manot,6,Bamnidhi,7.792745751700581,6.130564595773164,3.899481786727617
Morane,5,Tapi at burhanpur,2.851123038881783,1.9603314140007666,1.2156759476606898
Morane,6,Rangeli,3.2540812371682977,2.8653834478655567,1.9127143766433767
Muthankera,5,Warunji,3.4255482387474983,2.4101622957305047,1.063921617544099
Muthankera,6,Sakleshpur,3.268580684094388,1.9864624133624167,0.6363287891703876
Nandipalli,5,Errakalva    ananthapalli,3.8109080995667646,2.3796456850906087,0.5317722811365592
Nandipalli,6,Halia,4.120539216603143,3.3370052075639993,1.9001534923875143
Narmadapuram,5,Somanpally(seasonal),6.404283241687258,4.982336343065939,3.728686756506482
Narmadapuram,6,Pachegaon,7.138003823069858,5.7269761803992525,4.61140278480095
Navalgund,5,Samdoli (seasonal),6.762567664205035,4.908619517221579,2.860107048646658
Navalgund,6,T.k.halli,6.9297094929529,5.580216905205617,3.227665011972744
Ozerkheda,5,Jotasan,4.661646826073359,3.668772029742121,2.2867357469296214
Ozerkheda,6,Chhidgaon,5.1282760418558455,4.171196505667939,2.816764298834441
Singavaram,5,Magaral,3.6706793988256496,1.2049643078192132,-0.2367860814649227
Singavaram,6,Elunuthimangalam,5.362552784896248,3.0741462607943792,0.788186706724936
Somanpally(seasonal),5,sandia,5.132403645939766,3.725739734908456,2.2067217740128093
Somanpally(seasonal),6,Tapi at burhanpur,4.763499020258462,3.136687344358562,1.681003802920355
Sundergarh,5,Paleru bridge,1.0484096737191864,-0.2519124883282186,-1.525349601241701
Sundergarh,6,Dhariawad,1.6546109787994074,-0.04993944987678951,-1.6730168861823238
Sundergarh,7,Chinamusi  tumadu,1.939278228927627,0.007015526143203512,-1.633626093402478
Sundergarh,8,Bamnia,1.623469852758242,-0.19896634523162018,-1.8424473410993643
Sundergarh,9,Dabri,1.9605489989593425,-0.033220623884809446,-1.5254047940748146
Sundergarh,10,Halia,2.683874957456587,0.4573818134608333,-1.558260592444881
Sundergarh,11,Pati,2.801104177932112,0.370968799050644,-1.472030602651933
T. bekkupe,5,T.k.halli,2.6722638023607073,2.9167964602616427,2.5822616757093257
T. bekkupe,6,Akkihebbal,2.5697410640255067,2.5244167680300493,2.545533160316185
T. narasipur,5,T. bekkupe,2.8426905732766707,2.8256696692568664,2.9807781366915185
T. narasipur,6,K.m. vadi,2.5503959654059716,2.524474988014143,2.4597258968814057
T.k.halli,5,Navalgund,5.288934271356035,4.3874363194869055,4.314682987582114
T.k.halli,6,Singavaram,4.988733063088471,4.243873890137845,3.5084578936402098
Talikot,5,Terwad (seasonal),7.749242582580504,5.896819322626597,4.357274256373123
Talikot,6,Samdoli (seasonal),10.544451650370853,9.006571282577685,5.833255846133088
Tapi at burhanpur,5,Narmadapuram,6.237382141172984,3.713704541425073,2.789319361417254
Tapi at burhanpur,6,Morane,6.0672926517366985,4.485344959951396,3.054405528502348
Terwad (seasonal),5,Navalgund,3.803903362918554,4.41974492740155,2.7228874219011265
Terwad (seasonal),6,T. bekkupe,5.895278925210035,5.021916222141345,2.776936019029621
Teska,5,Degloor,4.772130645758443,2.6445962128944194,2.5369043392360053
Teska,6,Zari,5.482829132260246,3.5065107996453415,2.5583710921812446
Theni,5,Arangali,4.250863623712538,2.5477105825926483,1.3137236318781729
Theni,6,Thumpamon,5.739048584392347,3.622864568552974,1.9989339548084664
Thevur,5,Kallooppara,4.699782641343416,3.1074294959096123,1.3613577005036916
Thevur,6,Nandipalli,5.82123948327207,3.4415863373008935,1.5152924352390291
Thoppur,5,Kallooppara,4.215446926087038,3.4975610684080345,3.2924530248064032
Thoppur,6,Hogenakkal,3.878031352306945,3.1245980789820336,2.52635796597683
Thumpamon,5,Ambarampalayam,4.223386626261231,4.135900173151715,3.527902449029186
Thumpamon,6,Arangali,5.2768435740122,4.628301736725197,3.8702274795776868
Tuichang,5,Manendragarh,1.6110164089008645,1.352717887618745,0.5638169932008897
Tuichang,6,Altuma,2.816526114355153,2.1750950716822572,0.9805649717517971
Tuichang,7,Dindori,3.1237521428175645,2.265108620085092,0.8564894853440448
Tulaghat,5,Kelo at raigarh,1.4420396538058493,0.48969635853973636,-0.1723883040269395
Tulaghat,6,Parmanpur,1.2555310127765889,0.3017185779281376,-0.5186076289078136
Tulaghat,7,Manendragarh,0.8929473812398937,-0.0017274964043698393,-0.7778026313674079
Tulaghat,8,Bamnidhi,1.2824626931315344,0.12827698097352794,-0.08702940047304335
Tulaghat,9,Baronda,1.7303095812661515,0.18181473288549632,-0.11820445763371869
Tulaghat,10,Rampur,1.5344426732925127,0.511701794760211,0.11375625325816244
Tulaghat,11,Kurubhata,5.018421130428926,3.26451795509118,2.0512068986331533
Tulaghat,12,Belkhedi,5.149322781265041,3.0507165887999674,1.7684215041821831
Warunji,5,Koyna,5.911438954937794,4.222403510991417,2.556165630094889
Warunji,6,K.m. vadi,5.945816579463978,4.82526260695689,3.6012799410490826
Zari,5,Degloor,2.122657771796593,0.93842966876311,-0.7892418438436947
Zari,6,Kogaon,3.8501187079009864,1.7591064551170705,-0.8015636230189926
