station,year,max_temp_C,max_temp_doy,max_temp_date,min_temp_C,min_temp_doy,min_temp_date,mean_maxT_C,mean_minT_C
Kokkedoddy,1951,35.18,131,11-May-1951,13.15,7,07-Jan-1951,30.28,19.57
Kokkedoddy,1952,37.04,133,12-May-1952,14.02,15,15-Jan-1952,30.22,19.82
Kokkedoddy,1953,36.34,121,01-May-1953,14.11,341,07-Dec-1953,30.09,19.64
Kokkedoddy,1954,35.62,111,21-Apr-1954,14.01,342,08-Dec-1954,29.67,19.62
Kokkedoddy,1955,35.72,91,01-Apr-1955,10.49,1,01-Jan-1955,29.51,19.31
Kokkedoddy,1956,36.27,114,23-Apr-1956,13.68,19,19-Jan-1956,29.33,19.34
Kokkedoddy,1957,36.35,122,02-May-1957,13.89,26,26-Jan-1957,29.82,19.69
Kokkedoddy,1958,36.38,97,07-Apr-1958,14.3,10,10-Jan-1958,30.0,19.77
Kokkedoddy,1959,36.99,120,30-Apr-1959,14.21,351,17-Dec-1959,30.14,19.74
Kokkedoddy,1960,36.12,122,01-May-1960,14.11,13,13-Jan-1960,30.01,19.52
Kokkedoddy,1961,36.6,106,16-Apr-1961,13.62,362,28-Dec-1961,29.99,19.74
Kokkedoddy,1962,35.78,121,01-May-1962,12.79,5,05-Jan-1962,29.82,19.56
Kokkedoddy,1963,36.03,130,10-May-1963,13.08,23,23-Jan-1963,30.08,19.59
Kokkedoddy,1964,37.3,117,26-Apr-1964,12.69,333,28-Nov-1964,30.37,19.45
Kokkedoddy,1965,36.21,103,13-Apr-1965,13.45,15,15-Jan-1965,30.36,19.64
Kokkedoddy,1966,37.12,107,17-Apr-1966,12.69,349,15-Dec-1966,30.54,20.05
Kokkedoddy,1967,36.56,107,17-Apr-1967,12.97,38,07-Feb-1967,30.18,19.01
Kokkedoddy,1968,35.73,104,13-Apr-1968,13.22,348,13-Dec-1968,30.29,19.28
Kokkedoddy,1969,36.91,108,18-Apr-1969,12.98,26,26-Jan-1969,30.63,19.54
Kokkedoddy,1970,36.33,113,23-Apr-1970,11.73,342,08-Dec-1970,30.23,19.18
Kokkedoddy,1971,36.16,129,09-May-1971,12.04,1,01-Jan-1971,29.86,18.91
Kokkedoddy,1972,36.54,121,30-Apr-1972,11.53,12,12-Jan-1972,30.64,19.23
Kokkedoddy,1973,38.14,120,30-Apr-1973,13.11,358,24-Dec-1973,30.62,19.52
Kokkedoddy,1974,37.08,122,02-May-1974,13.09,7,07-Jan-1974,30.49,19.15
Kokkedoddy,1975,37.03,114,24-Apr-1975,11.3,1,01-Jan-1975,30.15,19.13
Kokkedoddy,1976,37.36,131,10-May-1976,12.49,6,06-Jan-1976,30.62,18.76
Kokkedoddy,1977,36.42,105,15-Apr-1977,11.84,5,05-Jan-1977,30.33,19.39
Kokkedoddy,1978,36.53,111,21-Apr-1978,12.99,19,19-Jan-1978,30.18,19.65
Kokkedoddy,1979,36.76,127,07-May-1979,13.91,362,28-Dec-1979,30.54,19.62
Kokkedoddy,1980,37.83,145,24-May-1980,13.87,13,13-Jan-1980,30.79,19.57
Kokkedoddy,1981,36.58,147,27-May-1981,11.86,345,11-Dec-1981,30.56,19.48
Kokkedoddy,1982,37.21,93,03-Apr-1982,13.69,5,05-Jan-1982,31.02,19.56
Kokkedoddy,1983,37.91,124,04-May-1983,13.05,11,11-Jan-1983,31.2,19.6
Kokkedoddy,1984,36.82,133,12-May-1984,13.73,354,19-Dec-1984,30.25,19.46
Kokkedoddy,1985,36.78,122,02-May-1985,13.64,334,30-Nov-1985,30.78,19.64
Kokkedoddy,1986,37.23,110,20-Apr-1986,14.05,341,07-Dec-1986,30.76,19.81
Kokkedoddy,1987,37.88,112,22-Apr-1987,13.55,31,31-Jan-1987,31.02,19.88
Kokkedoddy,1988,36.97,130,09-May-1988,13.04,336,01-Dec-1988,30.89,19.67
Kokkedoddy,1989,37.28,121,01-May-1989,12.99,34,03-Feb-1989,30.93,19.27
Kokkedoddy,1990,37.7,115,25-Apr-1990,11.99,13,13-Jan-1990,30.8,19.74
Kokkedoddy,1991,37.31,80,21-Mar-1991,12.68,333,29-Nov-1991,30.81,19.63
Kokkedoddy,1992,37.55,99,08-Apr-1992,11.34,8,08-Jan-1992,30.71,19.26
Kokkedoddy,1993,38.6,127,07-May-1993,12.11,8,08-Jan-1993,30.74,19.45
Kokkedoddy,1994,37.0,134,14-May-1994,11.8,347,13-Dec-1994,30.67,19.42
Kokkedoddy,1995,36.75,117,27-Apr-1995,12.51,2,02-Jan-1995,30.94,19.18
Kokkedoddy,1996,38.01,138,17-May-1996,12.58,338,03-Dec-1996,30.7,18.94
Kokkedoddy,1997,36.8,150,30-May-1997,13.3,31,31-Jan-1997,31.03,19.79
Kokkedoddy,1998,38.71,111,21-Apr-1998,13.8,360,26-Dec-1998,31.14,20.36
Kokkedoddy,1999,37.22,102,12-Apr-1999,12.59,26,26-Jan-1999,30.63,19.64
Kokkedoddy,2000,37.81,122,01-May-2000,13.44,348,13-Dec-2000,30.28,19.73
Kokkedoddy,2001,36.66,88,29-Mar-2001,12.87,344,10-Dec-2001,30.47,20.11
Kokkedoddy,2002,37.12,121,01-May-2002,12.8,353,19-Dec-2002,31.03,19.93
Kokkedoddy,2003,37.84,151,31-May-2003,14.03,342,08-Dec-2003,31.41,20.47
Kokkedoddy,2004,37.65,111,20-Apr-2004,13.8,354,19-Dec-2004,30.51,19.77
Kokkedoddy,2005,37.65,140,20-May-2005,13.24,322,18-Nov-2005,30.7,19.89
Kokkedoddy,2006,37.9,121,01-May-2006,13.0,45,14-Feb-2006,30.71,19.72
Kokkedoddy,2007,36.71,94,04-Apr-2007,12.56,329,25-Nov-2007,30.42,19.47
Kokkedoddy,2008,36.71,113,22-Apr-2008,12.96,19,19-Jan-2008,30.36,19.44
Kokkedoddy,2009,37.93,132,12-May-2009,13.21,25,25-Jan-2009,30.9,19.77
Kokkedoddy,2010,37.71,101,11-Apr-2010,12.61,357,23-Dec-2010,30.88,20.07
Kokkedoddy,2011,35.94,136,16-May-2011,12.12,45,14-Feb-2011,30.62,19.41
Kokkedoddy,2012,36.49,114,23-Apr-2012,11.27,16,16-Jan-2012,31.28,19.66
Kokkedoddy,2013,37.51,120,30-Apr-2013,13.26,15,15-Jan-2013,30.88,19.82
Kokkedoddy,2014,37.12,117,27-Apr-2014,14.55,360,26-Dec-2014,30.93,19.96
Kokkedoddy,2015,36.6,95,05-Apr-2015,12.76,13,13-Jan-2015,31.02,20.08
Kokkedoddy,2016,39.18,115,24-Apr-2016,13.56,346,11-Dec-2016,31.79,20.27
Kokkedoddy,2017,37.35,108,18-Apr-2017,14.33,1,01-Jan-2017,31.41,20.35
Kokkedoddy,2018,36.8,120,30-Apr-2018,13.68,33,02-Feb-2018,31.08,19.9
Kokkedoddy,2019,37.66,104,14-Apr-2019,13.23,9,09-Jan-2019,31.56,20.46
Kokkedoddy,2020,36.87,145,24-May-2020,14.9,26,26-Jan-2020,31.12,20.47
Kokkedoddy,2021,37.79,90,31-Mar-2021,15.1,359,25-Dec-2021,30.7,20.32
Kokkedoddy,2022,36.83,119,29-Apr-2022,14.81,358,24-Dec-2022,30.72,19.98
Kokkedoddy,2023,38.06,108,18-Apr-2023,13.12,12,12-Jan-2023,31.64,20.21
Kokkedoddy,2024,38.98,123,02-May-2024,14.92,352,17-Dec-2024,30.87,20.31
Kokkedoddy,2025,36.13,88,29-Mar-2025,12.58,354,20-Dec-2025,30.11,19.46
