station,year,n_obs,max_discharge_cumec,max_discharge_date,max_discharge_doy,mean_discharge_cumec,min_discharge_cumec
River Water Discharge_Jaraikela,1972,153,3360.0,14-Aug-1972,227,236.27,18.0
River Water Discharge_Jaraikela,1973,365,2436.0,26-Sep-1973,269,173.25,0.7
River Water Discharge_Jaraikela,1974,365,3557.4,17-Aug-1974,229,75.22,1.3
River Water Discharge_Jaraikela,1975,365,4130.4,18-Jul-1975,199,170.78,1.0
River Water Discharge_Jaraikela,1976,366,8061.6,18-Sep-1976,262,152.53,1.8
River Water Discharge_Jaraikela,1977,365,10730.0,06-Aug-1977,218,259.44,1.71
River Water Discharge_Jaraikela,1978,365,5697.0,03-Sep-1978,246,208.31,0.9
River Water Discharge_Jaraikela,1979,365,816.31,09-Aug-1979,221,67.79,0.59
River Water Discharge_Jaraikela,1980,366,1371.93,11-Jul-1980,193,140.28,0.41
River Water Discharge_Jaraikela,1981,365,1088.88,07-Sep-1981,250,116.06,1.18
River Water Discharge_Jaraikela,1982,365,2250.52,21-Aug-1982,233,98.94,0.97
River Water Discharge_Jaraikela,1983,365,1351.0,19-Sep-1983,262,112.39,1.14
River Water Discharge_Jaraikela,1984,366,2610.83,27-Aug-1984,240,200.39,0.6
River Water Discharge_Jaraikela,1985,365,2663.04,17-Oct-1985,290,131.31,1.09
River Water Discharge_Jaraikela,1986,365,1817.91,28-Jul-1986,209,135.2,1.91
River Water Discharge_Jaraikela,1987,365,3465.19,28-Aug-1987,240,157.88,1.37
River Water Discharge_Jaraikela,1988,366,6422.0,28-Jun-1988,180,157.39,0.74
River Water Discharge_Jaraikela,1989,365,1665.85,22-Jun-1989,173,109.4,0.48
River Water Discharge_Jaraikela,1990,365,2293.3,15-Jul-1990,196,182.31,2.7
River Water Discharge_Jaraikela,1991,365,2152.9,13-Aug-1991,225,145.94,2.56
River Water Discharge_Jaraikela,1992,366,744.1,30-Aug-1992,243,62.48,2.2
River Water Discharge_Jaraikela,1993,365,2202.22,13-Jul-1993,194,118.78,1.32
River Water Discharge_Jaraikela,1994,365,5007.0,03-Aug-1994,215,250.45,1.11
River Water Discharge_Jaraikela,1995,365,4233.0,18-Sep-1995,261,150.83,2.44
River Water Discharge_Jaraikela,1996,366,4903.0,26-Jul-1996,208,219.5,1.54
River Water Discharge_Jaraikela,1997,365,12539.0,06-Aug-1997,218,226.3,0.88
River Water Discharge_Jaraikela,1998,365,3252.0,11-Sep-1998,254,151.59,2.96
River Water Discharge_Jaraikela,1999,365,1900.0,19-Oct-1999,292,197.34,1.69
River Water Discharge_Jaraikela,2000,366,3872.0,25-Jul-2000,207,119.67,2.34
River Water Discharge_Jaraikela,2001,365,4287.51,21-Jul-2001,202,171.46,1.86
River Water Discharge_Jaraikela,2002,365,1138.92,24-Jun-2002,175,96.95,1.76
River Water Discharge_Jaraikela,2003,365,2600.0,25-Oct-2003,298,133.46,0.89
River Water Discharge_Jaraikela,2004,366,4063.37,21-Aug-2004,234,112.46,1.82
River Water Discharge_Jaraikela,2005,364,1262.08,30-Jun-2005,181,81.8,0.99
River Water Discharge_Jaraikela,2006,365,2657.83,30-Jul-2006,211,136.97,1.54
River Water Discharge_Jaraikela,2007,365,4603.3,20-Aug-2007,232,184.32,1.68
River Water Discharge_Jaraikela,2008,366,1239.78,08-Jul-2008,190,155.16,2.2
River Water Discharge_Jaraikela,2009,365,2366.28,08-Sep-2009,251,71.13,1.71
River Water Discharge_Jaraikela,2010,365,571.09,16-Sep-2010,259,34.64,0.93
River Water Discharge_Jaraikela,2011,365,4032.07,20-Jun-2011,171,163.24,0.77
River Water Discharge_Jaraikela,2012,366,878.71,17-Aug-2012,230,93.55,1.02
River Water Discharge_Jaraikela,2013,365,1548.42,03-Oct-2013,276,80.42,0.0
River Water Discharge_Jaraikela,2014,365,957.01,10-Aug-2014,222,49.68,0.0
River Water Discharge_Jaraikela,2015,365,461.32,26-Jul-2015,207,46.33,0.0
River Water Discharge_Jaraikela,2016,366,722.07,19-Aug-2016,232,70.76,0.96
River Water Discharge_Jaraikela,2017,363,4959.2,27-Jul-2017,208,118.52,0.17
River Water Discharge_Jaraikela,2018,365,548.16,07-Sep-2018,250,54.15,1.7
River Water Discharge_Jaraikela,2019,378,2429.58,19-Aug-2019,231,73.33,1.44
River Water Discharge_Jaraikela,2020,239,377.69,26-Sep-2020,270,73.21,5.12
River Water Discharge_Jaraikela,2021,214,2693.3,16-Sep-2021,259,273.41,19.19
River Water Discharge_Jaraikela,2022,364,2275.0,21-Aug-2022,233,91.15,3.02
River Water Discharge_Jaraikela,2023,364,1813.7,05-Oct-2023,278,84.1,1.12
River Water Discharge_Jaraikela,2024,363,3120.0,18-Sep-2024,262,151.82,1.39
River Water Discharge_Jaraikela,2025,217,1700.0,26-Jul-2025,207,137.96,4.5
