,count,mean,std,min,25%,50%,75%,max,skew_raw,transform,skew_used
area_km2,90.0,4222.466888888889,6312.823032009618,130.5,1220.2925,2350.0299999999997,4376.34,44299.03,4.228134650905085,log,0.09294238834581446
drain_density,90.0,0.6523922222222222,0.03747841394536561,0.5403,0.62605,0.6531,0.6721,0.764,0.08798290247256545,,0.08798290247256545
mean_elev_m,90.0,486.8208888888889,232.11592794053445,50.2,325.82,459.17,668.0050000000001,980.34,0.2064976103163754,,0.2064976103163754
relief_m,90.0,899.9,534.7600963742127,175.0,545.5,790.5,1125.75,2465.0,1.2225418201125897,,1.2225418201125897
mean_slope_deg,90.0,6.929777777777777,4.030765387985732,2.48,3.9775,5.755,7.904999999999999,23.79,1.578631811879426,,1.578631811879426
lat,90.0,17.800718888888888,4.637228636644478,9.2278,12.850825,18.3675,22.088324999999998,24.3556,-0.3421200042795153,,-0.3421200042795153
lon,90.0,78.48974222222222,3.7202861422201114,72.68,76.15379999999999,77.73259999999999,80.47455,92.9653,1.014999194099982,,1.014999194099982
rainfall_max_mm,90.0,91.18611111111112,10.107715675032162,43.21,88.64750000000001,95.525,98.1,98.99,-2.054706197476947,,-2.054706197476947
temp_max_C,90.0,42.443444444444445,3.762759613981371,35.32,38.552499999999995,44.555,45.34,46.42,-0.7420865835357648,,-0.7420865835357648
temp_min_C,90.0,7.956000000000001,4.300358699436621,1.52,3.77,9.120000000000001,11.17,16.87,0.1496862672154747,,0.1496862672154747
